vehicle_id,route_id,trip_id,stop_id,direction_id,current_status,current_stop_sequence,label,latitude,longitude,speed,bearing,updated_at
ynk345,Shuttle-Generic,BL-75565530,,,IN_TRANSIT_TO,,345,42.201848,-71.064761,,,2025-12-09 12:58:32+00:00
y1821,8,71467471,11592,0.0,IN_TRANSIT_TO,16.0,1821,42.335203,-71.090109,,150.0,2025-12-09 13:02:00+00:00
y0799,240,71988053,4155,0.0,STOPPED_AT,27.0,0799,42.241786,-71.069422,,179.0,2025-12-09 13:01:57+00:00
y3333,426,71826191,7390,1.0,IN_TRANSIT_TO,20.0,3333,42.456176,-70.990126,,,2025-12-09 13:01:37+00:00
y3203,556,71374017,7845,0.0,IN_TRANSIT_TO,23.0,3203,42.368632,-71.242149,,40.0,2025-12-09 13:01:57+00:00
y3152,110,71995164,5571,0.0,STOPPED_AT,11.0,3152,42.413388,-71.042845,,101.0,2025-12-09 13:01:57+00:00
y1707,41,72094424,1150,0.0,STOPPED_AT,19.0,1707,42.329359,-71.094168,,225.0,2025-12-09 13:01:57+00:00
y1798,19,71467430,568,1.0,STOPPED_AT,14.0,1798,42.308665,-71.082866,,,2025-12-09 13:01:46+00:00
y3293,8,71374475,62,1.0,IN_TRANSIT_TO,20.0,3293,42.332694,-71.080705,,,2025-12-09 13:01:39+00:00
y1960,100,71993333,8314,0.0,IN_TRANSIT_TO,14.0,1960,42.425536,-71.099511,,282.0,2025-12-09 13:01:56+00:00
y2097,64,71694382,1111,1.0,STOPPED_AT,12.0,2097,42.354122,-71.136303,,,2025-12-09 13:01:42+00:00
y3342,450,71826256,4490,1.0,IN_TRANSIT_TO,39.0,3342,42.457608,-70.971351,,227.0,2025-12-09 13:01:56+00:00
y1948,109,71994798,29004,1.0,IN_TRANSIT_TO,29.0,1948,42.38485,-71.07628,,225.0,2025-12-09 13:01:30+00:00
y3278,57,71375090,900,1.0,STOPPED_AT,1.0,3278,42.36389,-71.18514,,135.0,2025-12-09 13:01:29+00:00
y3227,501,71374673,71855,1.0,IN_TRANSIT_TO,15.0,3227,42.347625,-71.083006,,90.0,2025-12-09 13:01:51+00:00
y1919,708,71465500,77777,1.0,IN_TRANSIT_TO,5.0,1919,42.335078,-71.089785,,114.0,2025-12-09 13:02:00+00:00
y1994,109,71994421,15492,1.0,IN_TRANSIT_TO,17.0,1994,42.411042,-71.051881,,225.0,2025-12-09 13:01:52+00:00
y1434,430,71997555,9025,1.0,STOPPED_AT,39.0,1434,42.433677,-71.045848,,,2025-12-09 13:01:47+00:00
y1632,40,72093629,598,0.0,STOPPED_AT,4.0,1632,42.29299,-71.121293,,,2025-12-09 13:01:55+00:00
y3151,350,71694750,50940,1.0,IN_TRANSIT_TO,14.0,3151,42.488704,-71.201143,,,2025-12-09 13:01:40+00:00
dLF 958,714,71954224,71403,1.0,IN_TRANSIT_TO,2.0,LF 958,42.304379,-70.915317,,115.0,2025-12-09 13:01:58+00:00
y1340,741,72040480,17091,0.0,IN_TRANSIT_TO,5.0,1340,42.368603,-71.027648,,203.0,2025-12-09 13:01:58+00:00
y3258,66,71373194,1313,1.0,STOPPED_AT,23.0,3258,42.333213,-71.118723,,169.0,2025-12-09 13:01:59+00:00
y2078,83,71694815,2425,1.0,STOPPED_AT,1.0,2078,42.393808,-71.137563,,73.0,2025-12-09 13:01:59+00:00
y1448,105,71996959,5414,0.0,IN_TRANSIT_TO,17.0,1448,42.418559,-71.065426,,25.0,2025-12-09 13:01:59+00:00
y0832,210,71987730,3125,0.0,IN_TRANSIT_TO,15.0,0832,42.276599,-71.032645,,130.0,2025-12-09 13:01:55+00:00
y3108,424,71826084,6842,1.0,STOPPED_AT,1.0,3108,42.472318,-70.925992,,326.0,2025-12-09 13:01:56+00:00
y1661,21,72093991,501,1.0,STOPPED_AT,6.0,1661,42.27814,-71.072503,,259.0,2025-12-09 13:01:54+00:00
y3270,66,71372922,1378,0.0,STOPPED_AT,21.0,3270,42.35003,-71.13074,,315.0,2025-12-09 13:01:20+00:00
y3236,19,71374811,1804,1.0,IN_TRANSIT_TO,36.0,3236,42.338654,-71.106793,,,2025-12-09 13:01:52+00:00
y1830,15,71466299,1148,1.0,IN_TRANSIT_TO,31.0,1830,42.329126,-71.085275,,,2025-12-09 13:01:54+00:00
y2056,109,71994769,2759,1.0,STOPPED_AT,31.0,2056,42.382015,-71.082546,,272.0,2025-12-09 13:01:55+00:00
y1402,354,71996511,45003,0.0,IN_TRANSIT_TO,4.0,1402,42.371758,-71.066571,,310.0,2025-12-09 13:01:58+00:00
y3225,57,71375053,972,0.0,IN_TRANSIT_TO,17.0,3225,42.349025,-71.151626,,275.0,2025-12-09 13:01:59+00:00
y2101,76,71696022,14123,0.0,STOPPED_AT,1.0,2101,42.395944,-71.141542,,,2025-12-09 13:01:54+00:00
y2112,93,71994234,11891,0.0,IN_TRANSIT_TO,2.0,2112,42.35724,-71.056709,,,2025-12-09 13:01:32+00:00
y3136,93,71994231,204,1.0,IN_TRANSIT_TO,18.0,3136,42.360417,-71.05737,,,2025-12-09 13:01:50+00:00
y3289,553,71373896,86939,1.0,STOPPED_AT,9.0,3289,42.376266,-71.24486,,90.0,2025-12-09 13:01:57+00:00
y3218,65,71372595,1555,1.0,STOPPED_AT,18.0,3218,42.331952,-71.115772,,77.0,2025-12-09 13:01:50+00:00
y3309,455,71826312,15799,0.0,STOPPED_AT,1.0,3309,42.412472,-70.991866,,,2025-12-09 13:01:17+00:00
y1611,32,72094927,875,1.0,IN_TRANSIT_TO,25.0,1611,42.300638,-71.113107,,26.0,2025-12-09 13:01:56+00:00
y3113,435,71826409,4934,1.0,IN_TRANSIT_TO,26.0,3113,42.530317,-70.930978,,115.0,2025-12-09 13:01:59+00:00
y1807,11,71465663,34,1.0,IN_TRANSIT_TO,3.0,1807,42.338184,-71.027263,,180.0,2025-12-09 13:01:53+00:00
y3260,57,71375084,920,1.0,IN_TRANSIT_TO,19.0,3260,42.34899,-71.15096,,90.0,2025-12-09 13:00:59+00:00
y3231,59,71373942,8178,1.0,IN_TRANSIT_TO,56.0,3231,42.364458,-71.18683,,90.0,2025-12-09 13:01:55+00:00
y1884,11,71465461,151,0.0,IN_TRANSIT_TO,6.0,1884,42.34324,-71.05721,,180.0,2025-12-09 13:01:27+00:00
y1300,743,72041171,74611,0.0,STOPPED_AT,1.0,1300,42.353091,-71.054672,,,2025-12-09 13:01:58+00:00
y1867,47,71467681,2755,1.0,STOPPED_AT,1.0,1867,42.36406,-71.10289,,315.0,2025-12-09 13:01:25+00:00
y3002,712,71953938,109804,0.0,IN_TRANSIT_TO,3.0,3002,42.383015,-70.996483,,110.0,2025-12-09 13:01:58+00:00
y3327,116,71825690,5756,0.0,IN_TRANSIT_TO,16.0,3327,42.400667,-71.02106,,,2025-12-09 13:01:59+00:00
y3349,428,71825988,2829,1.0,IN_TRANSIT_TO,50.0,3349,42.377228,-71.054595,,212.0,2025-12-09 13:01:59+00:00
y1459,106,71997742,5466,0.0,STOPPED_AT,28.0,1459,42.433961,-71.045923,,25.0,2025-12-09 13:01:55+00:00
y2058,87,71694590,2589,1.0,IN_TRANSIT_TO,23.0,2058,42.385235,-71.113126,,127.0,2025-12-09 13:01:57+00:00
y1815,558,71466819,7838,1.0,STOPPED_AT,10.0,1815,42.357851,-71.239699,,341.0,2025-12-09 13:01:56+00:00
y1425,131,71996587,9213,1.0,STOPPED_AT,44.0,1425,42.43034,-71.067436,,168.0,2025-12-09 13:01:58+00:00
y1450,108,71997680,9318,0.0,IN_TRANSIT_TO,2.0,1450,42.40261,-71.076097,,,2025-12-09 13:01:30+00:00
y3219,747,71375270,22173,1.0,STOPPED_AT,10.0,3219,42.353937,-71.104615,,,2025-12-09 13:01:17+00:00
y2096,104,71995026,53270,0.0,IN_TRANSIT_TO,31.0,2096,42.425595,-71.073021,,277.0,2025-12-09 13:01:58+00:00
y1663,24,72093949,6368,0.0,IN_TRANSIT_TO,18.0,1663,42.267828,-71.093362,,,2025-12-09 13:01:49+00:00
y1883,9,71465658,160,1.0,STOPPED_AT,13.0,1883,42.338693,-71.050512,,306.0,2025-12-09 13:01:56+00:00
y1622,52,72094717,8523,0.0,IN_TRANSIT_TO,11.0,1622,42.342671,-71.190968,,196.0,2025-12-09 13:01:55+00:00
y1874,22,71466545,1258,0.0,STOPPED_AT,3.0,1874,42.33157,-71.0945,,225.0,2025-12-09 13:01:25+00:00
y1624,36,72093763,10642,0.0,STOPPED_AT,1.0,1624,42.299929,-71.114557,,,2025-12-09 13:01:55+00:00
y2087,67,71694765,14121,0.0,STOPPED_AT,1.0,2087,42.39568,-71.1414,,180.0,2025-12-09 13:01:24+00:00
y1606,31,72094266,544,1.0,STOPPED_AT,10.0,1606,42.287,-71.093549,,,2025-12-09 13:01:32+00:00
y1633,30,72093917,86458,1.0,IN_TRANSIT_TO,12.0,1633,42.277143,-71.114129,,310.0,2025-12-09 13:01:53+00:00
y3296,4,71374814,204,1.0,STOPPED_AT,3.0,3296,42.359264,-71.057,,180.0,2025-12-09 13:01:50+00:00
y1642,32,72094779,2819,0.0,IN_TRANSIT_TO,18.0,1642,42.25488,-71.124353,,185.0,2025-12-09 13:01:56+00:00
y1787,47,71467687,17861,1.0,STOPPED_AT,18.0,1787,42.337028,-71.089387,,38.0,2025-12-09 13:01:57+00:00
y2031,87,71694515,2637,1.0,STOPPED_AT,10.0,2031,42.40609,-71.132268,,,2025-12-09 13:01:46+00:00
ynk257,Shuttle-Generic,BL-47474943,,,IN_TRANSIT_TO,,257,42.34882,-71.095492,,101.0,2025-12-09 13:01:59+00:00
y1680,37,72093742,10642,0.0,STOPPED_AT,1.0,1680,42.29974,-71.11452,,45.0,2025-12-09 13:01:27+00:00
y1420,132,71996548,25990,1.0,STOPPED_AT,3.0,1420,42.486472,-71.100217,,182.0,2025-12-09 13:01:53+00:00
y0815,201,71988314,3089,1.0,IN_TRANSIT_TO,12.0,0815,42.297813,-71.059062,,250.0,2025-12-09 13:01:55+00:00
y3134,110,71995158,5556,1.0,IN_TRANSIT_TO,23.0,3134,42.410377,-71.04568,,180.0,2025-12-09 13:01:56+00:00
y1729,23,71468378,392,1.0,IN_TRANSIT_TO,19.0,1729,42.317639,-71.082118,,,2025-12-09 13:01:53+00:00
y3223,65,71373931,899,0.0,STOPPED_AT,1.0,3223,42.349042,-71.095266,,,2025-12-09 13:01:46+00:00
y3273,554,71374013,7579,0.0,IN_TRANSIT_TO,42.0,3273,42.38234,-71.205982,,102.0,2025-12-09 13:01:58+00:00
y3329,455,71826311,45211,0.0,STOPPED_AT,13.0,3329,42.456661,-70.972342,,33.0,2025-12-09 13:01:56+00:00
y0761,240,71988055,334,0.0,STOPPED_AT,1.0,0761,42.283974,-71.063858,,,2025-12-09 13:01:10+00:00
y1920,1,71468247,856,1.0,STOPPED_AT,19.0,1920,42.333579,-71.073601,,248.0,2025-12-09 13:01:55+00:00
y1905,19,71467445,1520,0.0,STOPPED_AT,5.0,1905,42.343483,-71.102509,,221.0,2025-12-09 13:01:55+00:00
y0807,238,71987593,1650,0.0,IN_TRANSIT_TO,32.0,0807,42.219587,-71.027137,,136.0,2025-12-09 13:01:56+00:00
y2090,109,71994425,5478,1.0,IN_TRANSIT_TO,6.0,2090,42.430726,-71.037093,,259.0,2025-12-09 13:01:59+00:00
y1941,69,71694695,110,0.0,IN_TRANSIT_TO,17.0,1941,42.373164,-71.117693,,293.0,2025-12-09 13:01:58+00:00
y2116,80,71694255,2601,1.0,IN_TRANSIT_TO,36.0,2116,42.374198,-71.083219,,119.0,2025-12-09 13:01:57+00:00
y1987,74,71695674,2156,1.0,IN_TRANSIT_TO,14.0,1987,42.385596,-71.137884,,,2025-12-09 13:01:55+00:00
y1308,742,72039812,74617,1.0,IN_TRANSIT_TO,10.0,1308,42.353309,-71.050853,,,2025-12-09 13:01:49+00:00
y2049,86,71695901,1085,1.0,STOPPED_AT,17.0,2049,42.345446,-71.152747,,157.0,2025-12-09 13:01:58+00:00
y2109,88,71694521,2636,0.0,IN_TRANSIT_TO,25.0,2109,42.405974,-71.131794,,308.0,2025-12-09 13:01:56+00:00
y3109,429,71826081,6267,1.0,STOPPED_AT,1.0,3109,42.42772,-71.01174,,315.0,2025-12-09 13:01:27+00:00
y1667,38,72093815,1937,0.0,IN_TRANSIT_TO,3.0,1667,42.305313,-71.114645,,,2025-12-09 13:01:55+00:00
y1435,96,71997486,76122,0.0,STOPPED_AT,1.0,1435,42.37219,-71.12237,,225.0,2025-12-09 13:00:59+00:00
y1625,21,72094363,11522,1.0,IN_TRANSIT_TO,19.0,1625,42.300289,-71.104209,,,2025-12-09 13:01:47+00:00
y1725,15,71466540,554,0.0,IN_TRANSIT_TO,27.0,1725,42.301554,-71.068265,,121.0,2025-12-09 13:01:55+00:00
y1805,23,71468396,64000,1.0,IN_TRANSIT_TO,25.0,1805,42.327917,-71.083017,,,2025-12-09 13:01:52+00:00
ynk318,Shuttle-Generic,BL-38179982,,,IN_TRANSIT_TO,,318,42.201803,-71.064647,,,2025-12-09 12:59:46+00:00
y1224,28,72040812,390,1.0,STOPPED_AT,24.0,1224,42.315921,-71.083123,,,2025-12-09 13:01:47+00:00
y1664,29,72094677,417,0.0,STOPPED_AT,12.0,1664,42.297336,-71.087316,,,2025-12-09 13:01:48+00:00
y1431,105,71996939,5384,1.0,IN_TRANSIT_TO,14.0,1431,42.424291,-71.047743,,277.0,2025-12-09 13:01:57+00:00
y3243,57,71375074,971,0.0,STOPPED_AT,16.0,3243,42.349006,-71.150992,,265.0,2025-12-09 13:01:56+00:00
y1638,42,72093331,1172,1.0,STOPPED_AT,16.0,1638,42.324116,-71.088836,,40.0,2025-12-09 13:01:55+00:00
y1662,21,72094139,537,1.0,STOPPED_AT,3.0,1662,42.279889,-71.066567,,246.0,2025-12-09 13:01:56+00:00
y3324,439,71826201,4710,1.0,IN_TRANSIT_TO,43.0,3324,42.439915,-70.969036,,218.0,2025-12-09 13:01:59+00:00
y0827,245,71987512,32001,1.0,STOPPED_AT,1.0,0827,42.251997,-71.00504,,165.0,2025-12-09 13:01:57+00:00
y1314,746,72040636,74614,0.0,IN_TRANSIT_TO,4.0,1314,42.346901,-71.037851,,,2025-12-09 13:00:56+00:00
y1852,9,71465661,41,1.0,IN_TRANSIT_TO,6.0,1852,42.335613,-71.034978,,267.0,2025-12-09 13:01:54+00:00
dLF 951,716,71954744,71601,1.0,STOPPED_AT,1.0,LF 951,42.14003,-71.146418,,88.0,2025-12-09 13:01:56+00:00
y1268,39,72039570,11131,1.0,IN_TRANSIT_TO,8.0,1268,42.318068,-71.112621,,34.0,2025-12-09 13:01:42+00:00
y1406,134,71996600,6958,1.0,IN_TRANSIT_TO,39.0,1406,42.438712,-71.133117,,170.0,2025-12-09 13:01:49+00:00
y3159,78,71695672,2177,0.0,IN_TRANSIT_TO,8.0,3159,42.383423,-71.133024,,,2025-12-09 13:01:59+00:00
y1864,9,71465554,155,0.0,IN_TRANSIT_TO,12.0,1864,42.338898,-71.050978,,,2025-12-09 13:01:53+00:00
y1717,32,72094780,2819,0.0,IN_TRANSIT_TO,18.0,1717,42.255694,-71.124256,,186.0,2025-12-09 13:01:53+00:00
y1943,64,71694385,24486,0.0,STOPPED_AT,3.0,1943,42.365582,-71.091269,,287.0,2025-12-09 13:01:58+00:00
y2001,64,71694389,2231,1.0,IN_TRANSIT_TO,28.0,2001,42.36423,-71.08782,,135.0,2025-12-09 13:01:32+00:00
y2081,78,71695676,2472,1.0,IN_TRANSIT_TO,10.0,2081,42.41725,-71.18492,,135.0,2025-12-09 13:01:35+00:00
y0902,210,71987859,3057,1.0,IN_TRANSIT_TO,15.0,0902,42.272924,-71.024698,,,2025-12-09 13:01:51+00:00
y3279,747,71375266,2525,0.0,STOPPED_AT,15.0,3279,42.372755,-71.094577,,,2025-12-09 13:01:41+00:00
y1432,137,71997642,9300,1.0,IN_TRANSIT_TO,3.0,1432,42.521109,-71.10292,,88.0,2025-12-09 13:01:54+00:00
y1458,354,71996620,65,1.0,IN_TRANSIT_TO,42.0,1458,42.407438,-71.100806,,142.0,2025-12-09 13:01:57+00:00
y2105,67,71694803,79642,1.0,STOPPED_AT,3.0,2105,42.426934,-71.173726,,,2025-12-09 13:01:45+00:00
y1689,34E,72094626,636,1.0,STOPPED_AT,78.0,1689,42.286942,-71.127571,,34.0,2025-12-09 13:01:56+00:00
y1329,742,72039838,74612,0.0,IN_TRANSIT_TO,2.0,1329,42.353258,-71.050489,,,2025-12-09 13:01:52+00:00
y1283,751,72040591,6538,1.0,IN_TRANSIT_TO,12.0,1283,42.352492,-71.058833,,88.0,2025-12-09 13:01:49+00:00
y1207,28,72040815,390,1.0,IN_TRANSIT_TO,24.0,1207,42.315643,-71.083152,,,2025-12-09 13:01:52+00:00
ynk308,Shuttle-Generic,BL-112434614,,,IN_TRANSIT_TO,,308,42.348375,-71.075947,,,2025-12-09 12:59:50+00:00
y3280,16,71373858,547,0.0,IN_TRANSIT_TO,29.0,3280,42.3015,-71.108847,,282.0,2025-12-09 13:01:59+00:00
y1958,104,71995001,7096,0.0,STOPPED_AT,1.0,1958,42.37496,-71.02917,,225.0,2025-12-09 13:01:35+00:00
y3310,441,71826204,4786,0.0,STOPPED_AT,43.0,3310,42.488106,-70.881809,,49.0,2025-12-09 13:02:00+00:00
y1253,28,72040810,1737,1.0,IN_TRANSIT_TO,15.0,1253,42.29468,-71.08789,,0.0,2025-12-09 13:01:34+00:00
y1270,28,72040813,416,0.0,STOPPED_AT,19.0,1270,42.30046358,-71.08625848,,195.0,2025-12-09 13:01:55+00:00
y0854,132,71996838,5072,0.0,STOPPED_AT,1.0,0854,42.42701,-71.074597,,,2025-12-09 13:01:22+00:00
y1645,26,72093434,367,1.0,STOPPED_AT,2.0,1645,42.287438,-71.065034,,335.0,2025-12-09 13:01:55+00:00
y0818,215,71988008,3336,1.0,STOPPED_AT,10.0,0818,42.24255,-71.015038,,,2025-12-09 13:01:45+00:00
y3154,104,71995010,53270,1.0,STOPPED_AT,1.0,3154,42.42641,-71.074,,225.0,2025-12-09 13:01:04+00:00
y0805,222,71988268,32004,0.0,STOPPED_AT,1.0,0805,42.2525973,-71.0055423,,0.0,2025-12-09 13:01:35+00:00
y1277,749,72040032,64,1.0,STOPPED_AT,1.0,1277,42.329768,-71.084132,,116.0,2025-12-09 13:01:47+00:00
y1823,7,71467771,33,1.0,STOPPED_AT,1.0,1823,42.33867,-71.03171,,135.0,2025-12-09 13:01:21+00:00
y1747,15,71466310,1468,1.0,STOPPED_AT,8.0,1747,42.303829,-71.070677,,67.0,2025-12-09 13:01:55+00:00
y3299,501,71373894,71855,1.0,IN_TRANSIT_TO,15.0,3299,42.357434,-71.164532,,85.0,2025-12-09 13:01:59+00:00
y2026,109,71994835,5510,0.0,STOPPED_AT,23.0,2026,42.407839,-71.054859,,195.0,2025-12-09 13:01:59+00:00
y0835,240,71988054,334,0.0,STOPPED_AT,1.0,0835,42.2843483,-71.0639015,,0.0,2025-12-09 13:01:15+00:00
y1934,111,71993879,5547,1.0,STOPPED_AT,1.0,1934,42.41567,-71.033,,270.0,2025-12-09 13:01:17+00:00
y1989,350,71694308,11689,0.0,IN_TRANSIT_TO,43.0,1989,42.486108,-71.210547,,267.0,2025-12-09 13:01:59+00:00
y1861,708,71465255,10014,0.0,IN_TRANSIT_TO,2.0,1861,42.331089,-71.064814,,285.0,2025-12-09 13:01:54+00:00
y1716,34E,72094576,13618,0.0,IN_TRANSIT_TO,30.0,1716,42.248528,-71.172957,,225.0,2025-12-09 13:01:52+00:00
y1223,39,72039539,23391,0.0,STOPPED_AT,1.0,1223,42.34759,-71.07427,,225.0,2025-12-09 13:01:25+00:00
ynk225,Shuttle-Generic,BL-3517646,,,IN_TRANSIT_TO,,225,42.348959,-71.095938,,,2025-12-09 12:59:42+00:00
y1851,505,71466921,6550,1.0,IN_TRANSIT_TO,25.0,1851,42.357165,-71.121013,,104.0,2025-12-09 13:01:56+00:00
y3122,116,71825815,5709,1.0,IN_TRANSIT_TO,7.0,3122,42.416572,-71.00411,,274.0,2025-12-09 13:01:56+00:00
ynk237,Shuttle-Generic,BL-66115540,,,IN_TRANSIT_TO,,237,42.351555,-71.120656,,,2025-12-09 13:01:37+00:00
y0767,220,71988198,3545,0.0,STOPPED_AT,29.0,0767,42.245784,-70.935811,,67.0,2025-12-09 13:01:55+00:00
y1834,9,71465664,160,1.0,STOPPED_AT,13.0,1834,42.338191,-71.049864,,318.0,2025-12-09 13:01:54+00:00
y1760,16,71467396,2912,0.0,STOPPED_AT,18.0,1760,42.31291,-71.068463,,,2025-12-09 13:01:55+00:00
y1896,7,71467772,886,1.0,STOPPED_AT,6.0,1896,42.335929,-71.035359,,,2025-12-09 13:01:37+00:00
y3346,442,71825772,4807,1.0,STOPPED_AT,1.0,3346,42.50783,-70.8459,,90.0,2025-12-09 13:01:27+00:00
y1761,8,71467397,1804,1.0,IN_TRANSIT_TO,32.0,1761,42.33896,-71.107146,,,2025-12-09 13:01:54+00:00
y3124,116,71825889,5760,0.0,STOPPED_AT,19.0,3124,42.406916,-71.014265,,22.0,2025-12-09 13:01:45+00:00
ynk258,Shuttle-Generic,BL-6194923,,,IN_TRANSIT_TO,,258,42.197401,-71.006017,,165.0,2025-12-09 13:01:57+00:00
y2047,76,71696023,86178,1.0,IN_TRANSIT_TO,6.0,2047,42.448714,-71.28494,,277.0,2025-12-09 13:01:58+00:00
y1419,96,71997488,45002,1.0,STOPPED_AT,1.0,1419,42.41768,-71.10578,,315.0,2025-12-09 13:01:33+00:00
y1720,16,71466001,2933,1.0,IN_TRANSIT_TO,18.0,1720,42.31682,-71.06536,,45.0,2025-12-09 13:01:33+00:00
y1443,94,71996476,5002,1.0,IN_TRANSIT_TO,2.0,1443,42.418601,-71.1066,,278.0,2025-12-09 13:01:55+00:00
y2065,69,71694696,1409,1.0,IN_TRANSIT_TO,12.0,2065,42.372433,-71.090547,,103.0,2025-12-09 13:02:00+00:00
y1681,51,72093679,71835,1.0,IN_TRANSIT_TO,10.0,1681,42.311931,-71.14286,,160.0,2025-12-09 13:01:57+00:00
y1925,70,71696177,86944,1.0,STOPPED_AT,1.0,1925,42.374569,-71.235618,,,2025-12-09 13:01:39+00:00
y1736,15,71466304,1224,1.0,IN_TRANSIT_TO,35.0,1736,42.332748,-71.092511,,49.0,2025-12-09 13:02:00+00:00
y1274,751,72040408,6538,0.0,STOPPED_AT,1.0,1274,42.35218,-71.05664,,90.0,2025-12-09 13:01:27+00:00
y1257,28,72040809,11257,0.0,IN_TRANSIT_TO,2.0,1257,42.333221,-71.091768,,233.0,2025-12-09 13:01:55+00:00
ynk252,Shuttle-Generic,BL-99597744,,,IN_TRANSIT_TO,,252,42.352137,-71.12324,,279.0,2025-12-09 13:01:49+00:00
y0771,217,71987709,3228,0.0,STOPPED_AT,63.0,0771,42.275544,-71.011689,,178.0,2025-12-09 13:01:55+00:00
y3121,455,71826273,37150,1.0,STOPPED_AT,1.0,3121,42.524823,-70.896378,,,2025-12-09 13:01:17+00:00
y3267,57,71375087,9031,1.0,IN_TRANSIT_TO,5.0,3267,42.355722,-71.187428,,31.0,2025-12-09 13:01:57+00:00
y0836,226,71987540,13831,1.0,IN_TRANSIT_TO,3.0,0836,42.1752,-70.955414,,3.0,2025-12-09 13:01:58+00:00
y1323,743,72041168,74634,1.0,STOPPED_AT,3.0,1323,42.393961,-71.028327,,93.0,2025-12-09 13:01:59+00:00
y3148,104,71998200,5351,1.0,STOPPED_AT,9.0,3148,42.418151,-71.05083,,,2025-12-09 13:01:51+00:00
y2017,85,71694525,2574,1.0,STOPPED_AT,1.0,2017,42.381684,-71.098362,,247.0,2025-12-09 13:01:57+00:00
y1669,34,72094538,74618,1.0,IN_TRANSIT_TO,3.0,1669,42.25376,-71.17056,,0.0,2025-12-09 13:01:31+00:00
y3120,429,71825969,6746,1.0,IN_TRANSIT_TO,40.0,3120,42.468126,-70.986074,,164.0,2025-12-09 13:01:55+00:00
y1790,501,71465971,6551,0.0,STOPPED_AT,1.0,1790,42.35501,-71.05691,,315.0,2025-12-09 13:01:23+00:00
y1965,111,71994140,2832,0.0,IN_TRANSIT_TO,2.0,1965,42.364247,-71.058149,,312.0,2025-12-09 13:01:56+00:00
y1961,77,71695002,17922,1.0,STOPPED_AT,2.0,1961,42.424317,-71.183594,,,2025-12-09 13:01:58+00:00
y3245,57,71375094,912,1.0,IN_TRANSIT_TO,12.0,3245,42.350222,-71.169313,,66.0,2025-12-09 13:01:58+00:00
y1437,137,71997641,9194,1.0,IN_TRANSIT_TO,23.0,1437,42.472345,-71.061351,,177.0,2025-12-09 13:01:58+00:00
ynk210,Shuttle-Generic,BL-107390542,,,IN_TRANSIT_TO,,210,42.339029,-71.044449,,,2025-12-09 12:31:44+00:00
y1730,22,71465350,1222,1.0,STOPPED_AT,27.0,1730,42.33126,-71.094491,,45.0,2025-12-09 13:01:57+00:00
y3147,70,71696188,73,1.0,STOPPED_AT,41.0,3147,42.362709,-71.099157,,,2025-12-09 13:01:57+00:00
ynk340,Shuttle-Generic,BL-131443947,,,IN_TRANSIT_TO,,340,42.357583,-71.141497,,99.0,2025-12-09 13:01:57+00:00
y2083,83,71694821,24581,0.0,STOPPED_AT,15.0,2083,42.38601,-71.114448,,,2025-12-09 13:01:28+00:00
y3233,747,71375264,91391,0.0,IN_TRANSIT_TO,3.0,3233,42.336857,-71.097881,,241.0,2025-12-09 13:01:48+00:00
y3157,78,71695673,2156,1.0,STOPPED_AT,36.0,3157,42.385495,-71.137777,,,2025-12-09 13:01:51+00:00
y3325,426,71826150,16653,1.0,STOPPED_AT,1.0,3325,42.461992,-70.946842,,,2025-12-09 13:00:59+00:00
y1932,70,71696174,9522,1.0,STOPPED_AT,1.0,1932,42.372756,-71.263793,,,2025-12-09 13:01:33+00:00
y3351,116,71825893,5747,0.0,STOPPED_AT,6.0,3351,42.382518,-71.039203,,,2025-12-09 13:01:26+00:00
y2067,111,71994035,5628,0.0,STOPPED_AT,18.0,2067,42.405392,-71.030002,,,2025-12-09 13:01:50+00:00
y1881,504,71467210,9983,0.0,IN_TRANSIT_TO,4.0,1881,42.350964,-71.066038,,180.0,2025-12-09 13:01:56+00:00
y1927,87,71694607,2625,0.0,IN_TRANSIT_TO,15.0,1927,42.389656,-71.117008,,330.0,2025-12-09 13:01:58+00:00
y2011,88,71694513,2581,1.0,STOPPED_AT,7.0,2011,42.396685,-71.122768,,,2025-12-09 13:01:54+00:00
y1706,31,72094274,543,1.0,IN_TRANSIT_TO,9.0,1706,42.284259,-71.091496,,347.0,2025-12-09 13:01:54+00:00
y1775,23,71468367,469,1.0,STOPPED_AT,13.0,1775,42.306992,-71.082223,,334.0,2025-12-09 13:01:55+00:00
y1281,749,72040057,49001,0.0,STOPPED_AT,1.0,1281,42.355384,-71.062246,,,2025-12-09 13:01:42+00:00
y1410,89,71998420,5015,0.0,STOPPED_AT,18.0,1410,42.397239,-71.121855,,,2025-12-09 13:01:50+00:00
y1656,51,72093791,10642,0.0,STOPPED_AT,1.0,1656,42.299499,-71.114608,,,2025-12-09 13:01:38+00:00
y3308,442,71825808,4710,1.0,IN_TRANSIT_TO,61.0,3308,42.438434,-70.97019,,201.0,2025-12-09 13:01:58+00:00
y1855,1,71468243,82,1.0,IN_TRANSIT_TO,14.0,1855,42.342913,-71.085331,,338.0,2025-12-09 13:01:55+00:00
ynk236,Shuttle-Generic,BL-42040132,,,IN_TRANSIT_TO,,236,42.35045,-71.109245,,277.0,2025-12-09 13:02:00+00:00
y2111,111,71994142,2829,1.0,IN_TRANSIT_TO,22.0,2111,42.38476,-71.047712,,213.0,2025-12-09 13:01:59+00:00
y3277,1,71373289,856,1.0,STOPPED_AT,19.0,3277,42.333978,-71.073935,,,2025-12-09 13:01:37+00:00
ynk253,Shuttle-Generic,BL-64726600,,,IN_TRANSIT_TO,,253,42.338632,-71.04461,,,2025-12-09 12:31:22+00:00
y1708,29,72094669,1741,1.0,IN_TRANSIT_TO,22.0,1708,42.309618,-71.091503,,317.0,2025-12-09 13:01:54+00:00
y1628,14,72094392,396,1.0,IN_TRANSIT_TO,32.0,1628,42.324627,-71.08287,,,2025-12-09 13:01:50+00:00
y1413,354,71996442,8242,1.0,IN_TRANSIT_TO,15.0,1413,42.482445,-71.187981,,137.0,2025-12-09 13:01:59+00:00
y1607,14,72094405,1144,0.0,IN_TRANSIT_TO,11.0,1607,42.32969,-71.093038,,70.0,2025-12-09 13:01:55+00:00
y0852,430,71997538,5463,0.0,STOPPED_AT,9.0,0852,42.431518,-71.05186,,76.0,2025-12-09 13:01:52+00:00
y3302,451,71826242,17102,1.0,STOPPED_AT,1.0,3302,42.5864,-70.8843,,0.0,2025-12-09 13:01:01+00:00
y2076,111,71993922,5593,1.0,STOPPED_AT,8.0,2076,42.405089,-71.032541,,261.0,2025-12-09 13:01:58+00:00
y1865,15,71466551,64000,0.0,IN_TRANSIT_TO,6.0,1865,42.329544,-71.08372,,263.0,2025-12-09 13:01:57+00:00
y3211,65,71373413,1524,0.0,STOPPED_AT,10.0,3211,42.331815,-71.113901,,,2025-12-09 13:01:57+00:00
y1219,39,72039595,11131,1.0,STOPPED_AT,8.0,1219,42.320553,-71.11181,,350.0,2025-12-09 13:01:55+00:00
ynk256,Shuttle-Generic,BL-100971263,,,IN_TRANSIT_TO,,256,42.352006,-71.124537,,69.0,2025-12-09 13:01:52+00:00
ynk341,Shuttle-Generic,BL-107420515,,,IN_TRANSIT_TO,,341,42.351599,-71.120894,,,2025-12-09 12:59:01+00:00
y1946,77,71695003,2314,0.0,STOPPED_AT,4.0,1946,42.384581,-71.119393,,13.0,2025-12-09 13:01:54+00:00
y2016,109,71994781,76125,0.0,STOPPED_AT,1.0,2016,42.37274,-71.12302,,315.0,2025-12-09 13:01:31+00:00
y1743,23,71468397,1224,1.0,IN_TRANSIT_TO,30.0,1743,42.332394,-71.093222,,53.0,2025-12-09 13:01:55+00:00
y3303,121,71826037,5740,0.0,STOPPED_AT,1.0,3303,42.36943,-71.03938,,180.0,2025-12-09 13:01:28+00:00
y1650,32,72094778,22818,0.0,IN_TRANSIT_TO,21.0,1650,42.246893,-71.128343,,208.0,2025-12-09 13:01:55+00:00
y1670,50,72093612,2787,1.0,IN_TRANSIT_TO,4.0,1670,42.26108,-71.12244,,45.0,2025-12-09 13:01:27+00:00
y1634,32,72094783,875,0.0,STOPPED_AT,1.0,1634,42.300803,-71.113338,,0.0,2025-12-09 13:01:52+00:00
y1735,9,71465648,178,1.0,STOPPED_AT,24.0,1735,42.349527,-71.076571,,270.0,2025-12-09 13:01:56+00:00
y0760,236,71987971,3327,0.0,IN_TRANSIT_TO,3.0,0760,42.246885,-71.000822,,186.0,2025-12-09 13:01:59+00:00
y3224,57,71375091,934,1.0,STOPPED_AT,29.0,3224,42.351346,-71.117756,,,2025-12-09 13:01:52+00:00
y1845,45,71466544,1580,0.0,IN_TRANSIT_TO,13.0,1845,42.321123,-71.077637,,202.0,2025-12-09 13:01:53+00:00
y2117,87,71694601,70500,0.0,STOPPED_AT,1.0,2117,42.37226,-71.07746,,315.0,2025-12-09 13:01:24+00:00
y3248,553,71373967,7645,0.0,IN_TRANSIT_TO,7.0,3248,42.351746,-71.206812,,255.0,2025-12-09 13:01:55+00:00
y1785,47,71467621,10015,0.0,IN_TRANSIT_TO,5.0,1785,42.336826,-71.071077,,316.0,2025-12-09 13:01:54+00:00
y1254,28,72040814,11712,0.0,IN_TRANSIT_TO,26.0,1254,42.284629,-71.091448,,,2025-12-09 13:01:34+00:00
y3130,101,71995398,5334,0.0,IN_TRANSIT_TO,31.0,3130,42.425099,-71.087417,,149.0,2025-12-09 13:01:59+00:00
y2106,111,71993914,5618,0.0,IN_TRANSIT_TO,9.0,2106,42.394722,-71.03338,,10.0,2025-12-09 13:01:49+00:00
y3240,66,71373198,22549,1.0,STOPPED_AT,1.0,3240,42.37696,-71.12246,,315.0,2025-12-09 13:00:59+00:00
y3118,70,71696229,8295,1.0,STOPPED_AT,16.0,3118,42.369926,-71.191911,,97.0,2025-12-09 13:01:58+00:00
y1906,9,71465555,143,0.0,STOPPED_AT,2.0,1906,42.352098,-71.071248,,336.0,2025-12-09 13:01:53+00:00
ynk233,Shuttle-Generic,BL-192490,,,IN_TRANSIT_TO,,233,42.350413,-71.079932,,,2025-12-09 13:01:58+00:00
y3158,110,71995194,5695,0.0,IN_TRANSIT_TO,4.0,3158,42.405166,-71.057309,,45.0,2025-12-09 13:01:47+00:00
y1956,137,71994456,9328,0.0,STOPPED_AT,1.0,1956,42.43701,-71.07023,,180.0,2025-12-09 13:01:33+00:00
y3232,66,71373196,927,1.0,STOPPED_AT,13.0,3232,42.35318,-71.13423,,,2025-12-09 13:01:53+00:00
y1422,99,71996768,15060,1.0,IN_TRANSIT_TO,2.0,1422,42.448312,-71.094604,,204.0,2025-12-09 13:01:57+00:00
y1776,16,71466792,13,0.0,STOPPED_AT,9.0,1776,42.330347,-71.057712,,80.0,2025-12-09 13:01:53+00:00
y1947,74,71695679,2174,0.0,IN_TRANSIT_TO,5.0,1947,42.380197,-71.127097,,313.0,2025-12-09 13:01:55+00:00
y1438,99,71996437,52712,0.0,STOPPED_AT,1.0,1438,42.402504,-71.076004,,,2025-12-09 13:00:46+00:00
y1877,19,71467574,468,0.0,STOPPED_AT,31.0,1877,42.30563,-71.080934,,,2025-12-09 13:01:45+00:00
y1290,749,72040237,15095,1.0,STOPPED_AT,9.0,1290,42.346613,-71.064516,,11.0,2025-12-09 13:01:59+00:00
ynk344,Shuttle-Generic,BL-101877718,,,IN_TRANSIT_TO,,344,42.201847,-71.064652,,,2025-12-09 12:59:01+00:00
y1629,35,72093512,806,0.0,IN_TRANSIT_TO,18.0,1629,42.287621,-71.152235,,265.0,2025-12-09 13:01:56+00:00
y1783,45,71466076,1148,1.0,IN_TRANSIT_TO,22.0,1783,42.32921,-71.08545,,315.0,2025-12-09 13:01:34+00:00
y1793,15,71466556,17863,0.0,STOPPED_AT,1.0,1793,42.3364,-71.08888,,225.0,2025-12-09 13:01:30+00:00
y3304,455,71826271,4488,1.0,IN_TRANSIT_TO,53.0,3304,42.459804,-70.968942,,219.0,2025-12-09 13:01:56+00:00
ynk223,Shuttle-Generic,BL-50837217,,,IN_TRANSIT_TO,,223,42.348442,-71.07531,,,2025-12-09 13:01:56+00:00
y3127,120,71826122,5886,0.0,STOPPED_AT,23.0,3127,42.393491,-71.009262,,91.0,2025-12-09 13:01:59+00:00
y1753,19,71467407,64,1.0,IN_TRANSIT_TO,25.0,1753,42.32842,-71.083209,,,2025-12-09 13:01:33+00:00
y1601,34,72094535,6022,0.0,IN_TRANSIT_TO,8.0,1601,42.286904,-71.128266,,256.0,2025-12-09 13:01:55+00:00
y1694,32,72094932,16466,1.0,IN_TRANSIT_TO,2.0,1694,42.23743,-71.131782,,13.0,2025-12-09 13:01:49+00:00
y2002,71,71695264,2064,1.0,STOPPED_AT,14.0,2002,42.375124,-71.147719,,,2025-12-09 13:01:54+00:00
y1332,741,72039757,17096,1.0,IN_TRANSIT_TO,6.0,1332,42.36617,-71.025534,,146.0,2025-12-09 13:01:59+00:00
y1705,32,72094930,6479,1.0,IN_TRANSIT_TO,19.0,1705,42.281765,-71.118811,,358.0,2025-12-09 13:01:55+00:00
y1430,96,71997490,2378,1.0,STOPPED_AT,12.0,1430,42.406959,-71.116772,,183.0,2025-12-09 13:02:00+00:00
y1666,31,72094275,1730,1.0,IN_TRANSIT_TO,8.0,1666,42.280589,-71.092679,,12.0,2025-12-09 13:01:56+00:00
ynk260,Shuttle-Generic,BL-3771835,,,IN_TRANSIT_TO,,260,42.352007,-71.124262,,95.0,2025-12-09 13:01:50+00:00
y1796,505,71466875,78212,1.0,STOPPED_AT,19.0,1796,42.344691,-71.241074,,199.0,2025-12-09 13:01:54+00:00
y1822,505,71467169,16535,0.0,IN_TRANSIT_TO,2.0,1822,42.354398,-71.058088,,223.0,2025-12-09 13:01:56+00:00
y3282,57,71375076,953,0.0,IN_TRANSIT_TO,4.0,3282,42.350093,-71.106072,,281.0,2025-12-09 13:01:55+00:00
y3238,66,71373201,22549,1.0,STOPPED_AT,1.0,3238,42.376587,-71.119696,,166.0,2025-12-09 13:01:55+00:00
y2062,104,71995002,5673,0.0,IN_TRANSIT_TO,2.0,2062,42.38343,-71.02296,,315.0,2025-12-09 13:01:26+00:00
y1799,22,71465354,1222,1.0,IN_TRANSIT_TO,27.0,1799,42.33078,-71.09497,,45.0,2025-12-09 13:01:32+00:00
y3251,16,71374240,35202,0.0,STOPPED_AT,8.0,3251,42.329394,-71.056388,,,2025-12-09 13:01:55+00:00
y1673,34E,72094603,605,0.0,STOPPED_AT,12.0,1673,42.279658,-71.135447,,,2025-12-09 13:01:54+00:00
y1784,47,71467685,10003,1.0,IN_TRANSIT_TO,27.0,1784,42.331376,-71.076755,,57.0,2025-12-09 13:01:54+00:00
y1688,36,72093765,817,0.0,IN_TRANSIT_TO,29.0,1688,42.27341,-71.17041,,225.0,2025-12-09 13:01:30+00:00
y3335,436,71826371,7372,1.0,STOPPED_AT,40.0,3335,42.472297,-70.940172,,134.0,2025-12-09 13:02:00+00:00
y2037,71,71695466,2070,1.0,STOPPED_AT,18.0,2037,42.377453,-71.133725,,68.0,2025-12-09 13:01:58+00:00
y2079,86,71695898,22549,1.0,STOPPED_AT,1.0,2079,42.37532,-71.11904,,180.0,2025-12-09 13:01:29+00:00
y1840,47,71467676,1773,1.0,IN_TRANSIT_TO,7.0,1840,42.354084,-71.111136,,,2025-12-09 13:01:48+00:00
y1910,7,71466416,885,0.0,STOPPED_AT,9.0,1910,42.338206,-71.034405,,86.0,2025-12-09 13:01:58+00:00
y1901,45,71466548,11257,0.0,IN_TRANSIT_TO,2.0,1901,42.333389,-71.091531,,239.0,2025-12-09 13:01:55+00:00
y3320,455,71826310,16156,0.0,STOPPED_AT,44.0,3320,42.48506,-70.904073,,76.0,2025-12-09 13:01:57+00:00
y3102,116,71825782,15796,1.0,STOPPED_AT,1.0,3102,42.412827,-70.991953,,,2025-12-09 13:01:36+00:00
y1306,751,72040515,6537,1.0,IN_TRANSIT_TO,11.0,1306,42.351497,-71.06297,,313.0,2025-12-09 13:01:59+00:00
y3338,116,71825783,15796,1.0,STOPPED_AT,1.0,3338,42.413807,-70.992427,,314.0,2025-12-09 13:01:58+00:00
y0871,39,72039669-OL1,143,0.0,IN_TRANSIT_TO,25.0,0871,42.343008,-71.073576,,,2025-12-09 13:01:38+00:00
y3294,4,71373914,210,0.0,STOPPED_AT,1.0,3294,42.344457,-71.039224,,,2025-12-09 13:01:44+00:00
y2004,89,71995367,2718,0.0,IN_TRANSIT_TO,2.0,2004,42.38435,-71.076254,,,2025-12-09 13:01:41+00:00
y1610,32,72094933,16466,1.0,IN_TRANSIT_TO,2.0,1610,42.237269,-71.132206,,,2025-12-09 13:01:55+00:00
y1982,101,71995401,2726,0.0,STOPPED_AT,7.0,1982,42.39354,-71.094962,,,2025-12-09 13:01:55+00:00
y0797,202,71988388,323,0.0,STOPPED_AT,1.0,0797,42.299822,-71.062206,,255.0,2025-12-09 13:01:56+00:00
y0859,Shuttle-Generic-Green,BL-76254591,,,IN_TRANSIT_TO,,0859,42.3067154,-71.1153405,,180.0,2025-12-09 13:01:23+00:00
y3334,442,71825641,4709,0.0,IN_TRANSIT_TO,8.0,3334,42.440444,-70.967726,,73.0,2025-12-09 13:02:00+00:00
y1214,39,72039639,11388,0.0,IN_TRANSIT_TO,4.0,1214,42.34734,-71.079892,,341.0,2025-12-09 13:01:48+00:00
y3288,66,71372927,64000,0.0,STOPPED_AT,1.0,3288,42.32949,-71.08371,,0.0,2025-12-09 13:00:59+00:00
y3291,65,71372596,1274,1.0,STOPPED_AT,8.0,3291,42.342607,-71.140722,,,2025-12-09 13:01:47+00:00
y2046,91,71993241,2442,1.0,STOPPED_AT,15.0,2046,42.368334,-71.101457,,202.0,2025-12-09 13:01:43+00:00
y1603,34E,72094655,59618,1.0,STOPPED_AT,31.0,1603,42.194091,-71.200799,,26.0,2025-12-09 13:01:54+00:00
y3322,435,71826397,7245,0.0,STOPPED_AT,7.0,3322,42.470196,-70.957478,,308.0,2025-12-09 13:01:57+00:00
y1869,44,71466257,1337,1.0,STOPPED_AT,15.0,1869,42.321224,-71.085675,,30.0,2025-12-09 13:01:52+00:00
y1722,9,71466845,150,1.0,IN_TRANSIT_TO,17.0,1722,42.341786,-71.055421,,124.0,2025-12-09 13:01:55+00:00
y1849,7,71467768,33,1.0,STOPPED_AT,1.0,1849,42.352548,-71.055016,,,2025-12-09 13:01:46+00:00
y1792,22,71465351,11531,1.0,STOPPED_AT,24.0,1792,42.322686,-71.098418,,55.0,2025-12-09 13:01:58+00:00
y1696,24,72093964,6364,1.0,IN_TRANSIT_TO,16.0,1696,42.263644,-71.102748,,91.0,2025-12-09 13:01:56+00:00
y1959,350,71694281,49808,1.0,STOPPED_AT,19.0,1959,42.484941,-71.217361,,,2025-12-09 13:01:59+00:00
y3210,747,71375267,2612,1.0,IN_TRANSIT_TO,4.0,3210,42.379814,-71.090843,,256.0,2025-12-09 13:01:58+00:00
y1988,89,71995399,2697,1.0,IN_TRANSIT_TO,5.0,1988,42.400235,-71.113181,,,2025-12-09 13:01:59+00:00
y3359,119,71825669,5819,1.0,IN_TRANSIT_TO,39.0,3359,42.39783,-70.99203,,225.0,2025-12-09 13:01:06+00:00
y1293,751,72040612,64,1.0,STOPPED_AT,1.0,1293,42.329731,-71.083719,,9.0,2025-12-09 13:01:56+00:00
y2082,112,71993563,5637,1.0,IN_TRANSIT_TO,5.0,2082,42.40636,-71.05384,,125.0,2025-12-09 13:01:59+00:00
y1802,23,71468376,467,1.0,STOPPED_AT,11.0,1802,42.303091,-71.078244,,341.0,2025-12-09 13:01:50+00:00
y1617,36,72093653,636,1.0,STOPPED_AT,23.0,1617,42.286985,-71.127431,,42.0,2025-12-09 13:01:55+00:00
y3318,116,71825851,5740,0.0,STOPPED_AT,1.0,3318,42.369824,-71.038983,,,2025-12-09 13:01:25+00:00
y1770,65,71467405,1026,0.0,IN_TRANSIT_TO,29.0,1770,42.346913,-71.153451,,333.0,2025-12-09 13:01:57+00:00
y2019,92,71993727,204,1.0,STOPPED_AT,13.0,2019,42.359214,-71.056985,,,2025-12-09 13:01:35+00:00
y1699,32,72094925,56479,1.0,IN_TRANSIT_TO,23.0,1699,42.292752,-71.117661,,6.0,2025-12-09 13:01:57+00:00
y1266,28,72040808,1723,1.0,IN_TRANSIT_TO,3.0,1266,42.270711,-71.093544,,,2025-12-09 13:01:54+00:00
y1453,354,71996635,49841,1.0,IN_TRANSIT_TO,39.0,1453,42.479713,-71.122532,,101.0,2025-12-09 13:01:55+00:00
y2093,64,71694390,1214,1.0,STOPPED_AT,1.0,2093,42.351253,-71.167196,,45.0,2025-12-09 13:01:50+00:00
y1944,106,71997744,5451,0.0,STOPPED_AT,12.0,1944,42.418892,-71.065588,,,2025-12-09 13:01:50+00:00
y1644,36,72093591,775,1.0,STOPPED_AT,2.0,1644,42.272971,-71.170759,,50.0,2025-12-09 13:01:52+00:00
y0873,713,71953882,15880,0.0,STOPPED_AT,1.0,0873,42.3868871,-71.0043104,,270.0,2025-12-09 13:00:59+00:00
y3116,426,71826107,7415,0.0,IN_TRANSIT_TO,2.0,3116,42.365227,-71.058389,,354.0,2025-12-09 13:01:55+00:00
y3241,66,71373190,1315,1.0,STOPPED_AT,26.0,3241,42.33327,-71.109704,,45.0,2025-12-09 13:01:57+00:00
y2072,109,71994814,5497,1.0,IN_TRANSIT_TO,22.0,2072,42.4006,-71.061692,,240.0,2025-12-09 13:01:57+00:00
y1341,741,72040481,74612,0.0,STOPPED_AT,2.0,1341,42.352023,-71.046051,,,2025-12-09 13:01:44+00:00
y2023,73,71695154,2073,1.0,STOPPED_AT,21.0,2023,42.373457,-71.123132,,173.0,2025-12-09 13:01:56+00:00
y1893,8,71467516,855,0.0,IN_TRANSIT_TO,29.0,1893,42.333756,-71.073201,,,2025-12-09 13:01:42+00:00
ynk229,Shuttle-Generic,BL-117894238,,,IN_TRANSIT_TO,,229,42.349218,-71.088423,,,2025-12-09 13:02:00+00:00
y1854,23,71468383,40001,0.0,IN_TRANSIT_TO,7.0,1854,42.326487,-71.083307,,,2025-12-09 13:01:52+00:00
y1635,41,72094427,121,0.0,STOPPED_AT,1.0,1635,42.32077,-71.052,,0.0,2025-12-09 13:01:28+00:00
ynk226,Shuttle-Generic,BL-106425297,,,IN_TRANSIT_TO,,226,42.35239,-71.07746,,251.0,2025-12-09 13:01:53+00:00
y1857,10,71467730,855,0.0,IN_TRANSIT_TO,13.0,1857,42.335122,-71.071802,,,2025-12-09 13:01:27+00:00
y3144,77,71695010,2282,0.0,IN_TRANSIT_TO,22.0,3144,42.413722,-71.150171,,137.0,2025-12-09 13:01:45+00:00
y1996,111,71993873,2832,0.0,STOPPED_AT,2.0,1996,42.36481,-71.05828,,315.0,2025-12-09 13:01:32+00:00
y3220,44,71373334,10413,1.0,IN_TRANSIT_TO,4.0,3220,42.316031,-71.098229,,,2025-12-09 13:01:31+00:00
ynk209,Shuttle-Generic,BL-89615949,,,IN_TRANSIT_TO,,209,42.201446,-71.064768,,,2025-12-09 12:47:26+00:00
y1895,1,71468229,87,0.0,IN_TRANSIT_TO,9.0,1895,42.339019,-71.079954,,,2025-12-09 13:01:37+00:00
y2003,88,71694518,2689,1.0,IN_TRANSIT_TO,23.0,2003,42.381949,-71.090634,,154.0,2025-12-09 13:02:00+00:00
y1782,23,71466539,485,0.0,IN_TRANSIT_TO,25.0,1782,42.292461,-71.071793,,,2025-12-09 13:01:57+00:00
y3205,59,71373972,11853,1.0,IN_TRANSIT_TO,2.0,3205,42.276508,-71.23743,,10.0,2025-12-09 13:01:56+00:00
y1313,743,72041167,7096,0.0,IN_TRANSIT_TO,5.0,1313,42.351584,-71.04511,,,2025-12-09 13:01:34+00:00
ynk322,Shuttle-Generic,BL-35772253,,,IN_TRANSIT_TO,,322,42.338378,-71.044116,,,2025-12-09 12:43:10+00:00
y1655,21,72094162,523,0.0,STOPPED_AT,5.0,1655,42.293048,-71.09645,,161.0,2025-12-09 13:01:49+00:00
y2048,108,71994505,5462,0.0,IN_TRANSIT_TO,28.0,2048,42.431053,-71.057685,,,2025-12-09 13:01:54+00:00
y1809,15,71466549,1493,0.0,IN_TRANSIT_TO,7.0,1809,42.329149,-71.084905,,,2025-12-09 13:01:55+00:00
y1320,743,72041175,74637,0.0,IN_TRANSIT_TO,6.0,1320,42.38309,-71.02262,,45.0,2025-12-09 13:00:59+00:00
y1288,749,72040055,1787,1.0,STOPPED_AT,5.0,1288,42.337855,-71.075093,,244.0,2025-12-09 13:01:56+00:00
y1832,22,71466542,419,0.0,STOPPED_AT,18.0,1832,42.295848,-71.087741,,186.0,2025-12-09 13:01:55+00:00
y1803,15,71466887,1512,0.0,IN_TRANSIT_TO,23.0,1803,42.306686,-71.066609,,217.0,2025-12-09 13:01:45+00:00
y3140,111,71993810,8309,0.0,STOPPED_AT,1.0,3140,42.362238,-71.05843,,,2025-12-09 13:01:44+00:00
y1338,741,72040478,74611,0.0,STOPPED_AT,1.0,1338,42.350925,-71.056089,,,2025-12-09 12:58:54+00:00
y2115,62,71696029,8443,0.0,STOPPED_AT,41.0,2115,42.46004,-71.23849,,0.0,2025-12-09 13:01:35+00:00
y1636,24,72093961,6392,0.0,IN_TRANSIT_TO,31.0,1636,42.253095,-71.118806,,,2025-12-09 13:01:44+00:00
y1726,1,71468250,68,1.0,STOPPED_AT,4.0,1726,42.369254,-71.110111,,140.0,2025-12-09 13:01:54+00:00
y1218,28,72040807,17862,0.0,STOPPED_AT,1.0,1218,42.336879,-71.088659,,,2025-12-09 13:01:26+00:00
ynk228,Shuttle-Generic,BL-127989499,,,IN_TRANSIT_TO,,228,42.348152,-71.07881,,153.0,2025-12-09 13:01:55+00:00
y1791,11,71467749,285,1.0,STOPPED_AT,16.0,1791,42.331482,-71.048874,,,2025-12-09 13:01:57+00:00
y1333,741,72040493,17096,1.0,STOPPED_AT,6.0,1333,42.348102,-71.039928,,133.0,2025-12-09 13:01:58+00:00
y0759,216,71987616,3290,1.0,STOPPED_AT,26.0,0759,42.252773,-71.000667,,229.0,2025-12-09 13:01:56+00:00
y3306,450,71826257,8309,1.0,IN_TRANSIT_TO,52.0,3306,42.372283,-71.04006,,,2025-12-09 13:01:57+00:00
y1684,31,72094353,1716,0.0,IN_TRANSIT_TO,12.0,1684,42.276723,-71.093606,,182.0,2025-12-09 13:01:55+00:00
y2045,62,71696021,7907,1.0,STOPPED_AT,25.0,2045,42.457085,-71.236224,,144.0,2025-12-09 13:01:57+00:00
y1304,743,72041172,7097,1.0,IN_TRANSIT_TO,5.0,1304,42.38796,-71.02417,,180.0,2025-12-09 13:01:16+00:00
y3281,501,71373958,975,1.0,STOPPED_AT,5.0,3281,42.349112,-71.163308,,294.0,2025-12-09 13:01:59+00:00
y3146,110,71995181,52713,0.0,STOPPED_AT,1.0,3146,42.402543,-71.076252,,,2025-12-09 13:01:22+00:00
y3131,101,71995347,29012,0.0,STOPPED_AT,1.0,3131,42.38444,-71.07661,,180.0,2025-12-09 13:00:59+00:00
y1764,9,71467604,36539,1.0,STOPPED_AT,20.0,1764,42.34522,-71.06959,,315.0,2025-12-09 13:01:31+00:00
y1600,34E,72094640,98618,1.0,STOPPED_AT,1.0,1600,42.14784,-71.25433,,225.0,2025-12-09 13:01:25+00:00
y2034,73,71695214,2021,0.0,STOPPED_AT,3.0,2034,42.374413,-71.126121,,283.0,2025-12-09 13:01:57+00:00
y3312,429,71825936,6717,0.0,IN_TRANSIT_TO,37.0,3312,42.484923,-71.012848,,309.0,2025-12-09 13:01:58+00:00
y1251,39,72039626,174,1.0,STOPPED_AT,23.0,1251,42.347531,-71.080145,,,2025-12-09 13:01:56+00:00
y1713,51,72093789,1888,0.0,STOPPED_AT,27.0,1713,42.293072,-71.162186,,315.0,2025-12-09 13:01:56+00:00
y3268,66,71372923,1112,0.0,STOPPED_AT,25.0,3268,42.35574,-71.13216,,45.0,2025-12-09 13:00:59+00:00
y1820,22,71466879,369,1.0,IN_TRANSIT_TO,3.0,1820,42.288869,-71.066609,,,2025-12-09 13:01:46+00:00
y3341,450,71826217,7252,0.0,STOPPED_AT,32.0,3341,42.477084,-70.949005,,29.0,2025-12-09 13:01:58+00:00
y1252,39,72039585,71317,1.0,STOPPED_AT,19.0,1252,42.339056,-71.091955,,,2025-12-09 13:01:41+00:00
y1418,97,71996853,5327,1.0,STOPPED_AT,1.0,1418,42.42638,-71.07385,,180.0,2025-12-09 13:00:59+00:00
y0808,230,71987821,4010,1.0,STOPPED_AT,20.0,0808,42.154283,-71.008549,,,2025-12-09 13:01:49+00:00
y2071,86,71695900,1027,0.0,STOPPED_AT,2.0,2071,42.336977,-71.151978,,320.0,2025-12-09 13:01:53+00:00
y0904,225,71987811,3824,1.0,STOPPED_AT,1.0,0904,42.21592,-70.962665,,,2025-12-09 13:01:55+00:00
ynk231,Shuttle-Generic,BL-50191944,,,IN_TRANSIT_TO,,231,42.348559,-71.075665,,,2025-12-09 12:59:56+00:00
y1873,501,71466801,994,1.0,STOPPED_AT,1.0,1873,42.34628,-71.15226,,45.0,2025-12-09 13:01:23+00:00
y0828,225,71987954,32001,0.0,STOPPED_AT,1.0,0828,42.254568,-71.005932,,153.0,2025-12-09 13:01:55+00:00
y2009,350,71694285,14120,0.0,STOPPED_AT,1.0,2009,42.394908,-71.14137,,335.0,2025-12-09 13:01:38+00:00
y3287,44,71373617,1351,0.0,IN_TRANSIT_TO,15.0,3287,42.313368,-71.08936,,221.0,2025-12-09 13:01:56+00:00
ynk215,Shuttle-Generic,BL-113270580,,,IN_TRANSIT_TO,,215,42.201399,-71.065103,,,2025-12-09 12:59:16+00:00
y1938,111,71993809,5612,0.0,IN_TRANSIT_TO,4.0,1938,42.388691,-71.041236,,,2025-12-09 13:01:54+00:00
y2039,75,71695675,76126,0.0,STOPPED_AT,1.0,2039,42.372647,-71.121696,,165.0,2025-12-09 13:01:56+00:00
y3254,47,71374780,1805,0.0,STOPPED_AT,23.0,3254,42.340435,-71.105551,,,2025-12-09 13:01:46+00:00
y1621,14,72094418,6476,0.0,STOPPED_AT,38.0,1621,42.276951,-71.119473,,349.0,2025-12-09 13:01:56+00:00
y1816,9,71465659,150,1.0,IN_TRANSIT_TO,17.0,1816,42.341657,-71.056949,,350.0,2025-12-09 13:01:55+00:00
y3242,1,71375306,110,1.0,STOPPED_AT,1.0,3242,42.37296,-71.1173,,270.0,2025-12-09 13:01:05+00:00
y1401,137,71997626,9276,0.0,IN_TRANSIT_TO,29.0,1401,42.504233,-71.070818,,333.0,2025-12-09 13:01:55+00:00
y1848,8,71467391,122,1.0,IN_TRANSIT_TO,6.0,1848,42.321218,-71.05595,,247.0,2025-12-09 13:01:55+00:00
y1894,1,71468239,91,0.0,IN_TRANSIT_TO,12.0,1894,42.345196,-71.086652,,345.0,2025-12-09 13:01:56+00:00
y3328,441,71826226,4844,1.0,STOPPED_AT,13.0,3328,42.496236,-70.862689,,,2025-12-09 13:01:28+00:00
y1400,94,71996436,2406,0.0,IN_TRANSIT_TO,5.0,1400,42.404271,-71.117196,,352.0,2025-12-09 13:01:57+00:00
y1777,22,71466855,430,0.0,STOPPED_AT,27.0,1777,42.286407,-71.064528,,,2025-12-09 13:01:49+00:00
y2022,111,71994070,5590,1.0,STOPPED_AT,5.0,2022,42.409557,-71.030329,,156.0,2025-12-09 13:01:59+00:00
y2060,110,71995159,5786,1.0,STOPPED_AT,6.0,2060,42.409162,-71.003661,,,2025-12-09 13:01:59+00:00
y3261,66,71372926,1360,0.0,STOPPED_AT,8.0,3261,42.33307,-71.101606,,291.0,2025-12-09 13:01:55+00:00
y3265,65,71372592,1806,1.0,STOPPED_AT,25.0,3265,42.34282,-71.10304,,45.0,2025-12-09 13:01:28+00:00
y0834,220,71988290,3636,1.0,STOPPED_AT,40.0,0834,42.249975,-70.993686,,277.0,2025-12-09 13:01:53+00:00
y1876,60,71467509,1555,1.0,IN_TRANSIT_TO,16.0,1876,42.329031,-71.118468,,27.0,2025-12-09 13:01:51+00:00
y1984,83,71695150,2433,1.0,IN_TRANSIT_TO,15.0,1984,42.38177,-71.10697,,180.0,2025-12-09 13:01:23+00:00
y1280,749,72040016,49002,0.0,IN_TRANSIT_TO,3.0,1280,42.352106,-71.064645,,181.0,2025-12-09 13:01:59+00:00
y0788,240,71988116,4291,1.0,STOPPED_AT,18.0,0788,42.185042,-71.054731,,,2025-12-09 13:01:32+00:00
y1924,9,71465668,33,1.0,STOPPED_AT,1.0,1924,42.33867,-71.03156,,135.0,2025-12-09 13:01:00+00:00
y1909,9,71465662,33,1.0,STOPPED_AT,1.0,1909,42.338661,-71.031813,,,2025-12-09 13:01:32+00:00
y1856,504,71467173,1900,1.0,STOPPED_AT,3.0,1856,42.358646,-71.185108,,,2025-12-09 13:01:36+00:00
y1827,16,71465999,13,1.0,IN_TRANSIT_TO,25.0,1827,42.330412,-71.061835,,,2025-12-09 13:01:56+00:00
y3153,61,71696185,869451,0.0,IN_TRANSIT_TO,2.0,3153,42.376197,-71.234839,,345.0,2025-12-09 13:01:57+00:00
y1928,110,71995177,5496,1.0,IN_TRANSIT_TO,29.0,1928,42.40686,-71.05506,,315.0,2025-12-09 13:01:30+00:00
y1819,11,71465462,16538,0.0,STOPPED_AT,1.0,1819,42.35424,-71.05979,,0.0,2025-12-09 13:01:08+00:00
y1440,97,71996871,5496,1.0,STOPPED_AT,15.0,1440,42.406663,-71.055855,,,2025-12-09 13:01:55+00:00
y0787,216,71987568,3308,0.0,STOPPED_AT,25.0,0787,42.250379,-70.963765,,,2025-12-09 13:01:42+00:00
y1276,749,72040044,64,1.0,STOPPED_AT,1.0,1276,42.329773,-71.083929,,36.0,2025-12-09 13:01:58+00:00
y3226,747,71375257,29005,1.0,STOPPED_AT,1.0,3226,42.383536,-71.076317,,197.0,2025-12-09 13:01:55+00:00
y2091,75,71695680,12080,1.0,IN_TRANSIT_TO,3.0,2091,42.37847,-71.147217,,341.0,2025-12-09 13:01:59+00:00
y1273,751,72040454,55,0.0,IN_TRANSIT_TO,9.0,1273,42.336695,-71.076786,,,2025-12-09 13:01:41+00:00
y1678,50,72093485,6022,0.0,IN_TRANSIT_TO,8.0,1678,42.28647,-71.128788,,259.0,2025-12-09 13:01:59+00:00
ynk259,Shuttle-Generic,BL-45198586,,,IN_TRANSIT_TO,,259,42.348792,-71.097723,,,2025-12-09 13:01:50+00:00
y3250,65,71373900,1279,1.0,STOPPED_AT,13.0,3250,42.3384,-71.129327,,,2025-12-09 13:01:47+00:00
y1957,73,71695234,2125,0.0,STOPPED_AT,16.0,1957,42.378982,-71.171543,,308.0,2025-12-09 13:01:57+00:00
y1967,70,71696186,88332,0.0,STOPPED_AT,42.0,1967,42.376837,-71.232755,,,2025-12-09 13:01:52+00:00
y2066,104,71995020,5659,1.0,STOPPED_AT,33.0,2066,42.38801,-71.02518,,90.0,2025-12-09 13:01:28+00:00
y2059,350,71694319,6902,1.0,STOPPED_AT,1.0,2059,42.51961,-71.21072,,270.0,2025-12-09 13:01:26+00:00
y3292,17,71465257,554,0.0,STOPPED_AT,20.0,3292,42.301159,-71.06769,,129.0,2025-12-09 13:01:55+00:00
y0776,211,71988135,3125,0.0,STOPPED_AT,20.0,0776,42.275461,-71.02896,,,2025-12-09 13:01:56+00:00
y0864,4,71373922,30256,1.0,IN_TRANSIT_TO,11.0,0864,42.344773,-71.036767,,274.0,2025-12-09 13:01:55+00:00
y3284,57,71375086,928,1.0,IN_TRANSIT_TO,26.0,3284,42.352898,-71.131597,,105.0,2025-12-09 13:01:58+00:00
y1639,32,72094929,56479,1.0,IN_TRANSIT_TO,23.0,1639,42.292482,-71.117677,,1.0,2025-12-09 13:02:00+00:00
y1408,354,71996443,49910,0.0,STOPPED_AT,10.0,1408,42.488003,-71.135112,,240.0,2025-12-09 13:02:00+00:00
y1985,71,71695340,2020,0.0,IN_TRANSIT_TO,2.0,1985,42.375314,-71.119198,,,2025-12-09 13:01:55+00:00
y1889,15,71466308,14831,1.0,STOPPED_AT,22.0,1889,42.320352,-71.071458,,318.0,2025-12-09 13:01:53+00:00
y0893,411,71997459,53270,0.0,STOPPED_AT,1.0,0893,42.4265398,-71.0739397,,270.0,2025-12-09 13:01:22+00:00
y2061,85,71695102,2231,0.0,STOPPED_AT,1.0,2061,42.3623,-71.08579,,270.0,2025-12-09 13:01:35+00:00
y1800,9,71465557,175,0.0,STOPPED_AT,1.0,1800,42.34999,-71.07763,,90.0,2025-12-09 13:01:32+00:00
y1415,110,71998243,15797,1.0,STOPPED_AT,1.0,1415,42.41332,-70.991585,,0.0,2025-12-09 13:01:48+00:00
y1718,30,72093878,96434,0.0,STOPPED_AT,24.0,1718,42.26657,-71.093884,,183.0,2025-12-09 13:01:56+00:00
y3313,426,71825942,117,0.0,STOPPED_AT,1.0,3313,42.362056,-71.057847,,318.0,2025-12-09 13:01:54+00:00
y2012,89,71995242,2637,1.0,STOPPED_AT,1.0,2012,42.40605,-71.13226,,45.0,2025-12-09 13:01:26+00:00
y1980,90,71995412,2686,1.0,IN_TRANSIT_TO,14.0,1980,42.386314,-71.097231,,115.0,2025-12-09 13:01:57+00:00
y0783,230,71987595,3926,1.0,IN_TRANSIT_TO,40.0,0783,42.199916,-71.005119,,,2025-12-09 13:01:54+00:00
y2099,75,71695687,2137,0.0,IN_TRANSIT_TO,22.0,2099,42.395556,-71.174961,,113.0,2025-12-09 13:01:59+00:00
y3228,66,71373199,2554,1.0,IN_TRANSIT_TO,6.0,3228,42.361822,-71.130462,,286.0,2025-12-09 13:01:59+00:00
y2005,71,71695384,2020,0.0,IN_TRANSIT_TO,2.0,2005,42.37341,-71.11961,,270.0,2025-12-09 13:01:23+00:00
y1321,743,72041170,7096,0.0,IN_TRANSIT_TO,5.0,1321,42.348042,-71.044445,,98.0,2025-12-09 13:01:45+00:00
ynk336,Shuttle-Generic,BL-118935266,,,IN_TRANSIT_TO,,336,42.338463,-71.044045,,,2025-12-09 13:01:49+00:00
y2024,87,71694619,12644,1.0,STOPPED_AT,1.0,2024,42.41441,-71.15067,,315.0,2025-12-09 13:01:28+00:00
y1801,10,71465649,13,1.0,IN_TRANSIT_TO,18.0,1801,42.329881,-71.058292,,329.0,2025-12-09 13:01:55+00:00
ynk255,Shuttle-Generic,BL-80039384,,,IN_TRANSIT_TO,,255,42.348888,-71.095754,,,2025-12-09 12:58:42+00:00
y3350,119,71825665,6267,1.0,STOPPED_AT,1.0,3350,42.427619,-71.011513,,,2025-12-09 13:01:01+00:00
y0774,238,71987816,4257,1.0,IN_TRANSIT_TO,3.0,0774,42.157633,-71.032795,,298.0,2025-12-09 13:01:55+00:00
y1914,505,71467248,88333,1.0,STOPPED_AT,1.0,1914,42.338129,-71.038159,,267.0,2025-12-09 13:01:55+00:00
y0903,238,71987708,3326,0.0,IN_TRANSIT_TO,2.0,0903,42.252176,-71.005104,,,2025-12-09 13:01:47+00:00
y3353,116,71825597,5606,1.0,STOPPED_AT,21.0,3353,42.39179,-71.035751,,200.0,2025-12-09 13:01:58+00:00
y1433,100,71996515,5269,1.0,STOPPED_AT,13.0,1433,42.415886,-71.084739,,146.0,2025-12-09 13:01:55+00:00
y1886,505,71465964,88333,0.0,IN_TRANSIT_TO,27.0,1886,42.374739,-71.234924,,256.0,2025-12-09 13:01:58+00:00
y1260,39,72039543,1939,0.0,STOPPED_AT,22.0,1260,42.308695,-71.115599,,182.0,2025-12-09 13:01:53+00:00
y1918,23,71468375,371,1.0,STOPPED_AT,4.0,1918,42.290308,-71.071575,,284.0,2025-12-09 13:01:54+00:00
y3156,112,71993535,5659,1.0,STOPPED_AT,41.0,3156,42.3879,-71.02477,,90.0,2025-12-09 13:01:15+00:00
y1913,65,71466930,1026,1.0,STOPPED_AT,1.0,1913,42.34838,-71.15373,,0.0,2025-12-09 13:01:28+00:00
y2006,111,71993819,8309,0.0,STOPPED_AT,1.0,2006,42.362047,-71.058126,,,2025-12-09 13:01:33+00:00
y1879,23,71468368,334,1.0,STOPPED_AT,1.0,1879,42.28466,-71.06408,,0.0,2025-12-09 13:01:23+00:00
y2038,95,71997810,2362,0.0,IN_TRANSIT_TO,34.0,2038,42.416213,-71.149198,,,2025-12-09 13:01:59+00:00
y0798,230,71987655,3326,0.0,IN_TRANSIT_TO,2.0,0798,42.249844,-71.002746,,,2025-12-09 13:01:39+00:00
y1216,28,72040835,18511,1.0,STOPPED_AT,1.0,1216,42.26708,-71.09175,,270.0,2025-12-09 13:01:22+00:00
y1265,28,72040811,404,0.0,IN_TRANSIT_TO,9.0,1265,42.322019,-71.082092,,294.0,2025-12-09 13:01:54+00:00
y1904,504,71467230,71855,1.0,IN_TRANSIT_TO,6.0,1904,42.358115,-71.14487,,102.0,2025-12-09 13:01:52+00:00
ynk224,Shuttle-Generic,BL-79002756,,,IN_TRANSIT_TO,,224,42.351642,-71.121524,,,2025-12-09 13:01:21+00:00
ynk230,Shuttle-Generic,BL-40770992,,,IN_TRANSIT_TO,,230,42.337634,-71.03666,,,2025-12-09 12:57:30+00:00
y1734,504,71467179,6550,1.0,IN_TRANSIT_TO,8.0,1734,42.350191,-71.059921,,109.0,2025-12-09 13:01:55+00:00
y2086,111,71993834,8309,0.0,STOPPED_AT,1.0,2086,42.361815,-71.057347,,225.0,2025-12-09 13:01:55+00:00
y2110,109,71994777,22549,1.0,IN_TRANSIT_TO,44.0,2110,42.375447,-71.119385,,,2025-12-09 13:01:59+00:00
y1862,11,71467158,269,0.0,IN_TRANSIT_TO,9.0,1862,42.338173,-71.056835,,152.0,2025-12-09 13:01:57+00:00
y3141,70,71696178,869451,1.0,STOPPED_AT,12.0,3141,42.376309,-71.234815,,12.0,2025-12-09 13:01:56+00:00
y3330,424,71826105,4495,1.0,IN_TRANSIT_TO,32.0,3330,42.451986,-70.977864,,221.0,2025-12-09 13:01:58+00:00
y1949,73,71695240,2106,1.0,STOPPED_AT,7.0,1949,42.380982,-71.175373,,,2025-12-09 13:01:59+00:00
y1837,17,71467406,2905,0.0,IN_TRANSIT_TO,2.0,1837,42.329823,-71.056926,,,2025-12-09 13:01:34+00:00
y1993,86,71695905,1043,0.0,STOPPED_AT,15.0,1993,42.362192,-71.143448,,62.0,2025-12-09 13:01:50+00:00
y1409,101,71998406,5282,1.0,STOPPED_AT,9.0,1409,42.422064,-71.094488,,257.0,2025-12-09 13:02:00+00:00
y2077,80,71694261,2417,0.0,STOPPED_AT,33.0,2077,42.419726,-71.134358,,,2025-12-09 13:01:31+00:00
y1712,41,72094445,11531,1.0,IN_TRANSIT_TO,11.0,1712,42.323296,-71.098515,,356.0,2025-12-09 13:01:57+00:00
y1682,36,72093766,797,0.0,STOPPED_AT,9.0,1682,42.286493,-71.132195,,257.0,2025-12-09 13:01:53+00:00
y2070,109,71994736,2567,0.0,IN_TRANSIT_TO,2.0,2070,42.376894,-71.112534,,73.0,2025-12-09 13:01:59+00:00
y0775,215,71988009,334,1.0,IN_TRANSIT_TO,45.0,0775,42.283675,-71.06413,,56.0,2025-12-09 13:01:55+00:00
y1741,7,71467597,33,1.0,STOPPED_AT,1.0,1741,42.33867,-71.03162,,90.0,2025-12-09 13:00:59+00:00
y3234,65,71372594,1805,1.0,STOPPED_AT,24.0,3234,42.342166,-71.103876,,40.0,2025-12-09 13:01:55+00:00
y1841,16,71467155,111,0.0,STOPPED_AT,1.0,1841,42.31272,-71.0365,,270.0,2025-12-09 13:01:27+00:00
ynk320,Shuttle-Generic,BL-62957967,,,IN_TRANSIT_TO,,320,42.269884,-71.049257,,154.0,2025-12-09 13:01:57+00:00
y3138,101,71995241,5303,1.0,STOPPED_AT,31.0,3138,42.395189,-71.097751,,145.0,2025-12-09 13:01:51+00:00
y1455,95,71997813,50021,0.0,IN_TRANSIT_TO,17.0,1455,42.416523,-71.106224,,39.0,2025-12-09 13:01:53+00:00
y3208,1,71375322,10590,0.0,IN_TRANSIT_TO,8.0,3208,42.336059,-71.076215,,323.0,2025-12-09 13:01:58+00:00
y1665,38,72093837,15216,1.0,IN_TRANSIT_TO,9.0,1665,42.287369,-71.147294,,,2025-12-09 13:01:51+00:00
y1452,104,71998174,5695,0.0,IN_TRANSIT_TO,17.0,1452,42.40448,-71.05564,,315.0,2025-12-09 13:01:35+00:00
y1444,131,71996617,5921,0.0,IN_TRANSIT_TO,30.0,1444,42.458258,-71.046797,,346.0,2025-12-09 13:01:57+00:00
y1979,76,71696020,8648,1.0,IN_TRANSIT_TO,33.0,1979,42.426934,-71.207294,,190.0,2025-12-09 13:01:59+00:00
y1744,7,71465660,210,1.0,IN_TRANSIT_TO,8.0,1744,42.34256,-71.036259,,,2025-12-09 13:01:51+00:00
y2029,86,71695899,1071,1.0,STOPPED_AT,6.0,2029,42.363335,-71.132463,,288.0,2025-12-09 13:01:55+00:00
y1998,77,71695006,2300,1.0,IN_TRANSIT_TO,28.0,1998,42.390568,-71.121647,,,2025-12-09 13:01:37+00:00
ynk342,Shuttle-Generic,BL-60526308,,,IN_TRANSIT_TO,,342,42.317612,-71.524059,,303.0,2025-12-09 13:02:00+00:00
y2088,436,71826367,4578,0.0,IN_TRANSIT_TO,45.0,2088,42.524444,-70.953521,,58.0,2025-12-09 13:01:58+00:00
y1675,42,72094357,5236,1.0,STOPPED_AT,6.0,1675,42.309311,-71.104419,,,2025-12-09 13:01:45+00:00
y3252,59,71374001,82033,0.0,IN_TRANSIT_TO,31.0,3252,42.307746,-71.215898,,,2025-12-09 13:01:55+00:00
ynk319,Shuttle-Generic,BL-117920003,,,IN_TRANSIT_TO,,319,41.902605,-71.097681,,146.0,2025-12-09 13:01:59+00:00
y2084,93,71994232,29010,1.0,STOPPED_AT,1.0,2084,42.383822,-71.077069,,282.0,2025-12-09 13:01:57+00:00
y1887,16,71466005,2925,1.0,IN_TRANSIT_TO,9.0,1887,42.304728,-71.081699,,44.0,2025-12-09 13:01:51+00:00
y1315,742,72039849,31255,1.0,IN_TRANSIT_TO,4.0,1315,42.344553,-71.0371,,43.0,2025-12-09 13:01:58+00:00
y2092,134,71993474,8852,1.0,STOPPED_AT,1.0,2092,42.52147,-71.15894,,225.0,2025-12-09 13:01:28+00:00
y3123,120,71826112,5737,1.0,IN_TRANSIT_TO,17.0,3123,42.372198,-71.039066,,174.0,2025-12-09 13:01:58+00:00
y1417,108,71997675,9038,1.0,IN_TRANSIT_TO,32.0,1417,42.411373,-71.07923,,183.0,2025-12-09 13:01:55+00:00
y1923,11,71465653,285,1.0,STOPPED_AT,16.0,1923,42.331669,-71.04937,,314.0,2025-12-09 13:01:55+00:00
y2050,92,71993726,29001,0.0,IN_TRANSIT_TO,15.0,2050,42.383829,-71.074984,,248.0,2025-12-09 13:01:57+00:00
y3358,116,71825817,46170,1.0,STOPPED_AT,19.0,3358,42.394144,-71.033096,,322.0,2025-12-09 13:01:57+00:00
y1217,39,72039648,178,0.0,IN_TRANSIT_TO,3.0,1217,42.34978,-71.075244,,235.0,2025-12-09 13:01:57+00:00
ynk254,Shuttle-Generic,BL-28734765,,,IN_TRANSIT_TO,,254,42.347926,-71.078229,,83.0,2025-12-09 13:02:00+00:00
y1424,108,71997667,15431,1.0,IN_TRANSIT_TO,19.0,1424,42.425399,-71.068062,,256.0,2025-12-09 13:01:56+00:00
y1657,Shuttle-Generic-CommuterRail,BL-87439920,,,IN_TRANSIT_TO,,1657,42.242146,-71.130492,,16.0,2025-12-09 13:01:57+00:00
y0766,225,71987684,3841,1.0,STOPPED_AT,18.0,0766,42.244272,-70.986041,,281.0,2025-12-09 13:01:57+00:00
y3207,60,71373412,1524,0.0,STOPPED_AT,10.0,3207,42.334893,-71.111681,,,2025-12-09 13:01:20+00:00
y3135,64,71694388,11972,0.0,IN_TRANSIT_TO,20.0,3135,42.356683,-71.143174,,300.0,2025-12-09 13:01:57+00:00
y1847,23,71468373,17862,0.0,STOPPED_AT,1.0,1847,42.336525,-71.088675,,191.0,2025-12-09 13:01:41+00:00
y3290,66,71373191,1304,1.0,STOPPED_AT,17.0,3290,42.345914,-71.127813,,,2025-12-09 13:01:38+00:00
y1922,22,71465356,378,1.0,STOPPED_AT,10.0,1922,42.294614,-71.08682,,284.0,2025-12-09 13:01:56+00:00
y1817,45,71467572,15661,1.0,STOPPED_AT,8.0,1817,42.31336,-71.07958,,45.0,2025-12-09 13:01:32+00:00
y3256,57,71375075,952,0.0,IN_TRANSIT_TO,3.0,3256,42.34966,-71.10309,,270.0,2025-12-09 13:00:59+00:00
y1999,350,71694302,1670,0.0,IN_TRANSIT_TO,21.0,1999,42.446396,-71.152712,,358.0,2025-12-09 13:01:55+00:00
y2051,70,71696182,730,0.0,STOPPED_AT,1.0,2051,42.36181,-71.10056,,315.0,2025-12-09 13:01:21+00:00
y3132,91,71993593,29006,1.0,STOPPED_AT,1.0,3132,42.38368,-71.07664,,180.0,2025-12-09 13:00:06+00:00
y1719,33,72095281,8940,0.0,IN_TRANSIT_TO,15.0,1719,42.255287,-71.127452,,252.0,2025-12-09 13:01:57+00:00
y1407,134,71996602,9162,0.0,IN_TRANSIT_TO,5.0,1407,42.409434,-71.084283,,340.0,2025-12-09 13:01:59+00:00
y1950,77,71695062,7922,1.0,STOPPED_AT,1.0,1950,42.42485,-71.18519,,,2025-12-09 13:01:28+00:00
y1683,21,72094200,334,0.0,IN_TRANSIT_TO,21.0,1683,42.283824,-71.063847,,69.0,2025-12-09 13:01:56+00:00
ynk234,Shuttle-Generic,BL-44123456,,,IN_TRANSIT_TO,,234,42.349334,-71.088223,,,2025-12-09 13:01:00+00:00
y1756,8,71467398,111,1.0,STOPPED_AT,1.0,1756,42.31747,-71.04073,,90.0,2025-12-09 13:01:22+00:00
y0796,226,71987555,38671,0.0,STOPPED_AT,1.0,0796,42.207497,-71.001248,,,2025-12-09 13:00:47+00:00
y2044,111,71993831,5600,1.0,STOPPED_AT,15.0,2044,42.399398,-71.032275,,,2025-12-09 13:01:55+00:00
ynk247,Shuttle-Generic,BL-99914110,,,IN_TRANSIT_TO,,247,42.348639,-71.07549,,,2025-12-09 13:01:55+00:00
y1899,1,71468230,69,1.0,IN_TRANSIT_TO,5.0,1899,42.368508,-71.108908,,,2025-12-09 13:01:51+00:00
y1812,23,71468393,40001,0.0,IN_TRANSIT_TO,7.0,1812,42.32627,-71.083386,,197.0,2025-12-09 13:01:56+00:00
y1835,1,71468232,854,1.0,STOPPED_AT,18.0,1835,42.334174,-71.07419,,131.0,2025-12-09 13:01:54+00:00
ynk311,Shuttle-Generic,BL-93847199,,,IN_TRANSIT_TO,,311,42.204248,-71.133011,,292.0,2025-12-09 13:01:51+00:00
ynk251,Shuttle-Generic,BL-20916876,,,IN_TRANSIT_TO,,251,42.34338,-71.085853,,154.0,2025-12-09 13:01:59+00:00
y3139,69,71694745,1422,0.0,STOPPED_AT,7.0,3139,42.372729,-71.093186,,,2025-12-09 13:01:53+00:00
ynk307,Shuttle-Generic,BL-66234750,,,IN_TRANSIT_TO,,307,42.338254,-71.044218,,,2025-12-09 12:59:23+00:00
y0842,713,71953828,109898,1.0,STOPPED_AT,1.0,0842,42.372811,-70.971842,,,2025-12-09 13:00:55+00:00
y1789,47,71467707,1784,1.0,STOPPED_AT,16.0,1789,42.337233,-71.09435,,110.0,2025-12-09 13:01:55+00:00
ynk235,Shuttle-Generic,BL-50688858,,,IN_TRANSIT_TO,,235,42.35261,-71.073829,,341.0,2025-12-09 13:01:59+00:00
y1264,39,72039553,99991,0.0,STOPPED_AT,23.0,1264,42.307881,-71.11555,,175.0,2025-12-09 13:01:55+00:00
ynk249,Shuttle-Generic,BL-61340587,,,IN_TRANSIT_TO,,249,42.350598,-71.11177,,,2025-12-09 13:01:54+00:00
y2098,111,71994136,5633,0.0,STOPPED_AT,23.0,2098,42.413242,-71.031271,,1.0,2025-12-09 13:01:58+00:00
y1797,10,71465642,144,1.0,IN_TRANSIT_TO,35.0,1797,42.35017,-71.072606,,336.0,2025-12-09 13:01:55+00:00
y3142,70,71696183,1051,1.0,IN_TRANSIT_TO,44.0,3142,42.363044,-71.13029,,,2025-12-09 13:01:52+00:00
y1930,104,71995009,56002,1.0,IN_TRANSIT_TO,18.0,1930,42.399897,-71.049693,,139.0,2025-12-09 13:01:52+00:00
y1649,42,72093327,875,1.0,STOPPED_AT,1.0,1649,42.30063,-71.1134,,180.0,2025-12-09 13:01:27+00:00
y1880,19,71467735,8993,0.0,IN_TRANSIT_TO,2.0,1880,42.348879,-71.09602,,,2025-12-09 13:01:37+00:00
y1687,52,72094740,8476,1.0,IN_TRANSIT_TO,14.0,1687,42.291831,-71.184553,,228.0,2025-12-09 13:01:56+00:00
ynk248,Shuttle-Generic,BL-122160725,,,IN_TRANSIT_TO,,248,42.349115,-71.092737,,264.0,2025-12-09 13:01:56+00:00
y0811,216,71987591,3237,0.0,IN_TRANSIT_TO,2.0,0811,42.251831,-71.003757,,135.0,2025-12-09 13:01:56+00:00
y3355,455,71826272,6126,1.0,IN_TRANSIT_TO,23.0,3355,42.485996,-70.901492,,221.0,2025-12-09 13:02:00+00:00
y0820,216,71987909,3265,1.0,STOPPED_AT,1.0,0820,42.272079,-70.9509148,,45.0,2025-12-09 13:01:01+00:00
y1405,430,71997545,5342,0.0,IN_TRANSIT_TO,3.0,1405,42.425329,-71.068089,,,2025-12-09 13:01:33+00:00
y1640,37,72093507,853,1.0,STOPPED_AT,1.0,1640,42.284624,-71.169577,,,2025-12-09 13:01:38+00:00
y1769,60,71466883,1984,1.0,IN_TRANSIT_TO,2.0,1769,42.322977,-71.165591,,71.0,2025-12-09 13:01:48+00:00
y2075,68,71694090,2231,1.0,IN_TRANSIT_TO,12.0,2075,42.36489,-71.08943,,90.0,2025-12-09 13:01:30+00:00
y1902,15,71466889,323,1.0,STOPPED_AT,1.0,1902,42.299866,-71.061982,,249.0,2025-12-09 13:01:55+00:00
y1868,7,71465656,892,1.0,STOPPED_AT,13.0,1868,42.35266,-71.055331,,,2025-12-09 13:01:28+00:00
y1838,8,71467474,8993,0.0,IN_TRANSIT_TO,2.0,1838,42.34894,-71.097005,,278.0,2025-12-09 13:01:59+00:00
ynk304,Shuttle-Generic,BL-35508111,,,IN_TRANSIT_TO,,304,42.201894,-71.064598,,,2025-12-09 12:58:57+00:00
ynk343,Shuttle-Generic,BL-9320202,,,IN_TRANSIT_TO,,343,42.302433,-71.510313,,298.0,2025-12-09 13:01:58+00:00
y0780,215,71988039,3386,0.0,IN_TRANSIT_TO,14.0,0780,42.263411,-71.043786,,158.0,2025-12-09 13:01:55+00:00
y1626,34E,72094582,628,1.0,STOPPED_AT,69.0,1626,42.273396,-71.143053,,43.0,2025-12-09 13:01:54+00:00
y2013,62,71696025,2475,1.0,STOPPED_AT,64.0,2013,42.404425,-71.162238,,105.0,2025-12-09 13:01:59+00:00
y0875,354,71996525,6902,1.0,STOPPED_AT,1.0,0875,42.519574,-71.210923,,,2025-12-09 13:01:41+00:00
y1951,70,71696181,1443,0.0,IN_TRANSIT_TO,17.0,1951,42.362518,-71.154027,,279.0,2025-12-09 13:01:59+00:00
y1748,47,71467678,2,0.0,IN_TRANSIT_TO,13.0,1748,42.331823,-71.081966,,49.0,2025-12-09 13:01:56+00:00
y2068,111,71993818,8309,0.0,STOPPED_AT,1.0,2068,42.361896,-71.057779,,,2025-12-09 13:01:25+00:00
y2089,71,71695417,2030,0.0,STOPPED_AT,9.0,2089,42.374649,-71.149944,,247.0,2025-12-09 13:01:58+00:00
y2036,109,71994812,29003,0.0,IN_TRANSIT_TO,14.0,2036,42.383223,-71.076956,,,2025-12-09 13:01:57+00:00
y3332,435,71826417,14613,0.0,IN_TRANSIT_TO,49.0,3332,42.549586,-70.931681,,80.0,2025-12-09 13:01:56+00:00
y1839,9,71465559,151,0.0,IN_TRANSIT_TO,9.0,1839,42.343523,-71.059397,,96.0,2025-12-09 13:01:55+00:00
y3354,120,71826001,5871,0.0,STOPPED_AT,7.0,3354,42.378177,-71.029145,,62.0,2025-12-09 13:01:58+00:00
y1627,40,72093625,628,1.0,STOPPED_AT,16.0,1627,42.27303,-71.143412,,40.0,2025-12-09 13:01:55+00:00
ynk232,Shuttle-Generic,BL-81250482,,,IN_TRANSIT_TO,,232,42.338723,-71.044874,,,2025-12-09 12:58:08+00:00
y1772,43,71466910,1237,1.0,STOPPED_AT,9.0,1772,42.345836,-71.069322,,26.0,2025-12-09 13:01:55+00:00
y1780,18,71467985,352,1.0,IN_TRANSIT_TO,24.0,1780,42.314036,-71.056866,,17.0,2025-12-09 13:01:52+00:00
ynk222,Shuttle-Generic,BL-117294302,,,IN_TRANSIT_TO,,222,42.348729,-71.09579,,,2025-12-09 13:00:58+00:00
y1728,22,71465352,1215,1.0,IN_TRANSIT_TO,22.0,1728,42.315661,-71.098122,,,2025-12-09 13:01:35+00:00
ynk339,Shuttle-Generic,BL-69287469,,,IN_TRANSIT_TO,,339,41.698286,-71.15452,,301.0,2025-12-09 13:01:55+00:00
y3229,66,71372925,1372,0.0,STOPPED_AT,17.0,3229,42.34187,-71.121133,,336.0,2025-12-09 13:01:57+00:00
y2104,111,71993979,5613,0.0,IN_TRANSIT_TO,5.0,2104,42.389683,-71.038095,,73.0,2025-12-09 13:01:57+00:00
y1615,31,72094178,18511,0.0,IN_TRANSIT_TO,18.0,1615,42.2671,-71.092083,,67.0,2025-12-09 13:01:57+00:00
y2030,351,71694413,49795,0.0,IN_TRANSIT_TO,11.0,2030,42.521498,-71.249662,,317.0,2025-12-09 13:01:57+00:00
y3356,116,71825793,5736,1.0,IN_TRANSIT_TO,30.0,3356,42.37521,-71.039125,,,2025-12-09 13:01:44+00:00
y1997,86,71695904,2565,0.0,IN_TRANSIT_TO,22.0,1997,42.369366,-71.122824,,31.0,2025-12-09 13:01:58+00:00
y0824,238,71987658,4094,1.0,IN_TRANSIT_TO,34.0,0824,42.237424,-71.025862,,45.0,2025-12-09 13:01:55+00:00
y0858,39,72039543-OL1,22365,0.0,IN_TRANSIT_TO,14.0,0858,42.315006,-71.114083,,187.0,2025-12-09 13:01:56+00:00
y3101,116,71825794,15796,1.0,STOPPED_AT,1.0,3101,42.412845,-70.991316,,,2025-12-09 13:01:18+00:00
y1646,41,72094442,11939,1.0,STOPPED_AT,1.0,1646,42.30957,-71.11594,,225.0,2025-12-09 13:01:30+00:00
ynk250,Shuttle-Generic,BL-73227150,,,IN_TRANSIT_TO,,250,42.350116,-71.085294,,246.0,2025-12-09 13:01:55+00:00
y1788,23,71468386,11257,0.0,IN_TRANSIT_TO,2.0,1788,42.331379,-71.094137,,99.0,2025-12-09 13:01:56+00:00
y1456,411,71997458,5464,0.0,IN_TRANSIT_TO,10.0,1456,42.431529,-71.05164,,76.0,2025-12-09 13:01:46+00:00
y0813,230,71987633,32003,0.0,STOPPED_AT,1.0,0813,42.252252,-71.005238,,,2025-12-09 13:01:01+00:00
y1962,111,71994052,5605,1.0,STOPPED_AT,19.0,1962,42.393265,-71.033997,,,2025-12-09 13:01:54+00:00
y2063,73,71695283,2066,1.0,IN_TRANSIT_TO,16.0,2063,42.375147,-71.146879,,87.0,2025-12-09 13:01:58+00:00
y2033,88,71694517,2659,0.0,IN_TRANSIT_TO,4.0,2033,42.381189,-71.089824,,343.0,2025-12-09 13:01:58+00:00
y1888,1,71468228,108,0.0,STOPPED_AT,22.0,1888,42.369971,-71.11267,,322.0,2025-12-09 13:01:57+00:00
ynk335,Shuttle-Generic,BL-105343100,,,IN_TRANSIT_TO,,335,42.338656,-71.04379,,,2025-12-09 12:59:11+00:00
y1751,47,71467671,1816,0.0,STOPPED_AT,33.0,1751,42.36332,-71.10198,,45.0,2025-12-09 13:01:25+00:00
y0833,222,71988238,13844,1.0,STOPPED_AT,1.0,0833,42.19852,-70.924632,,,2025-12-09 13:01:42+00:00
y1451,90,71998589,2714,0.0,IN_TRANSIT_TO,3.0,1451,42.386188,-71.078733,,115.0,2025-12-09 13:01:52+00:00
y3215,66,71372924,1357,0.0,STOPPED_AT,6.0,3215,42.331574,-71.095273,,,2025-12-09 13:01:43+00:00
y1853,504,71467199,988,0.0,IN_TRANSIT_TO,10.0,1853,42.35622,-71.184495,,71.0,2025-12-09 13:01:46+00:00
y3298,747,71375268,1780,1.0,IN_TRANSIT_TO,15.0,3298,42.339053,-71.107033,,,2025-12-09 13:01:46+00:00
y1442,131,71996577,9071,1.0,STOPPED_AT,1.0,1442,42.468948,-71.074142,,,2025-12-09 13:01:51+00:00
y1794,23,71468391,483,0.0,STOPPED_AT,24.0,1794,42.293807,-71.071928,,180.0,2025-12-09 13:01:55+00:00
y1842,501,71465966,173,0.0,IN_TRANSIT_TO,6.0,1842,42.3506,-71.072434,,261.0,2025-12-09 13:01:56+00:00
y3112,116,71825907,5761,0.0,IN_TRANSIT_TO,20.0,3112,42.407422,-71.014084,,12.0,2025-12-09 13:01:53+00:00
y2052,111,71993953,8309,0.0,STOPPED_AT,1.0,2052,42.36232,-71.05697,,135.0,2025-12-09 13:01:27+00:00
y1404,95,71997811,2714,1.0,IN_TRANSIT_TO,30.0,1404,42.38721,-71.079202,,143.0,2025-12-09 13:01:56+00:00
y1449,106,71997736,5395,1.0,IN_TRANSIT_TO,25.0,1449,42.418073,-71.065454,,174.0,2025-12-09 13:01:54+00:00
y3319,450,71826253,37150,1.0,STOPPED_AT,1.0,3319,42.52461,-70.89724,,45.0,2025-12-09 13:00:59+00:00
ynk315,Shuttle-Generic,BL-107263042,,,IN_TRANSIT_TO,,315,42.252374,-71.038456,,169.0,2025-12-09 13:01:57+00:00
y3314,116,71825596,5715,1.0,STOPPED_AT,12.0,3314,42.404944,-71.016401,,,2025-12-09 13:01:57+00:00
y1201,39,72039545,178,0.0,IN_TRANSIT_TO,3.0,1201,42.349806,-71.075401,,246.0,2025-12-09 13:01:52+00:00
y1733,708,71465253,11802,0.0,IN_TRANSIT_TO,8.0,1733,42.338324,-71.097006,,,2025-12-09 13:01:42+00:00
y3253,57,71375079,920,1.0,STOPPED_AT,19.0,3253,42.349635,-71.148539,,61.0,2025-12-09 13:01:57+00:00
y1974,109,71994411,7417,0.0,STOPPED_AT,40.0,1974,42.43259,-71.02411,,0.0,2025-12-09 13:01:27+00:00
y1630,35,72093890,785,1.0,STOPPED_AT,19.0,1630,42.28743,-71.152561,,,2025-12-09 13:01:42+00:00
y1795,10,71467157,27,0.0,IN_TRANSIT_TO,33.0,1795,42.335709,-71.031478,,87.0,2025-12-09 13:01:52+00:00
y1765,44,71466546,17863,0.0,STOPPED_AT,1.0,1765,42.336608,-71.088726,,232.0,2025-12-09 13:01:56+00:00
y2113,77,71695004,2273,0.0,IN_TRANSIT_TO,12.0,2113,42.39948,-71.132806,,294.0,2025-12-09 13:01:54+00:00
y2064,112,71993438,5597,0.0,IN_TRANSIT_TO,28.0,2064,42.403392,-71.038568,,99.0,2025-12-09 13:02:00+00:00
y1674,33,72095309,6522,1.0,IN_TRANSIT_TO,9.0,1674,42.258278,-71.140004,,319.0,2025-12-09 13:01:50+00:00
